UPC,Commodity_ID,Component_Type,Component_%,Primary_Flag,Supplier_ID,Region_#
353543257595,COM-010,Quality Testing,0.4849,Y,841296,3
353543257595,COM-004,Freight,0.2067,N,841296,3
353543257595,COM-012,Resin,0.3084,N,841296,3
258169176459,COM-013,Utilities,0.4257,Y,162535,4
258169176459,COM-007,Overhead,0.1396,N,162535,4
258169176459,COM-014,Warehousing,0.4347,N,162535,4
757475491416,COM-010,Quality Testing,0.1405,Y,553014,2
757475491416,COM-002,Co-manufacturing,0.6812,N,553014,2
757475491416,COM-007,Overhead,0.1783,N,553014,2
588129516415,COM-008,Packaging,0.3414,Y,290305,1
588129516415,COM-006,Labor,0.5001,N,290305,1
588129516415,COM-005,Ingredients,0.1585,N,290305,1
936717894940,COM-014,Warehousing,0.0526,Y,138479,5
936717894940,COM-001,Active Chemicals,0.3895,N,138479,5
936717894940,COM-011,Raw Materials,0.5579,N,138479,5
497363671483,COM-013,Utilities,0.3423,Y,893188,3
497363671483,COM-009,Pulp,0.6017,N,893188,3
497363671483,COM-008,Packaging,0.056,N,893188,3
706925050424,COM-008,Packaging,0.6056,Y,679077,5
706925050424,COM-002,Co-manufacturing,0.2481,N,679077,5
706925050424,COM-006,Labor,0.1463,N,679077,5
619606194160,COM-005,Ingredients,0.1677,Y,578975,5
619606194160,COM-010,Quality Testing,0.3639,N,578975,5
619606194160,COM-001,Active Chemicals,0.4684,N,578975,5
690328426008,COM-003,Fragrance,0.2965,Y,461888,1
690328426008,COM-012,Resin,0.6663,N,461888,1
690328426008,COM-004,Freight,0.0372,N,461888,1
992981382947,COM-003,Fragrance,0.2624,Y,504832,1
992981382947,COM-005,Ingredients,0.6094,N,504832,1
992981382947,COM-008,Packaging,0.1282,N,504832,1
257721695267,COM-008,Packaging,0.2876,Y,786587,1
257721695267,COM-005,Ingredients,0.5059,N,786587,1
257721695267,COM-002,Co-manufacturing,0.2065,N,786587,1
778759018230,COM-014,Warehousing,0.3423,Y,346174,3
778759018230,COM-008,Packaging,0.383,N,346174,3
778759018230,COM-009,Pulp,0.2747,N,346174,3
163548952306,COM-008,Packaging,0.3483,Y,475876,5
163548952306,COM-003,Fragrance,0.1016,N,475876,5
163548952306,COM-012,Resin,0.5501,N,475876,5
607803382689,COM-008,Packaging,0.0856,Y,366314,5
607803382689,COM-009,Pulp,0.184,N,366314,5
607803382689,COM-005,Ingredients,0.7304,N,366314,5
599290370034,COM-011,Raw Materials,0.1698,Y,308894,2
599290370034,COM-002,Co-manufacturing,0.7136,N,308894,2
599290370034,COM-012,Resin,0.1166,N,308894,2
417410688547,COM-002,Co-manufacturing,0.7409,Y,937665,1
417410688547,COM-006,Labor,0.1134,N,937665,1
417410688547,COM-014,Warehousing,0.1457,N,937665,1
584423393396,COM-005,Ingredients,0.4002,Y,707727,5
584423393396,COM-001,Active Chemicals,0.402,N,707727,5
584423393396,COM-010,Quality Testing,0.1978,N,707727,5
981923066620,COM-013,Utilities,0.5686,Y,591081,2
981923066620,COM-002,Co-manufacturing,0.0707,N,591081,2
981923066620,COM-012,Resin,0.3607,N,591081,2
689546360500,COM-009,Pulp,0.0872,Y,576877,3
689546360500,COM-011,Raw Materials,0.3896,N,576877,3
689546360500,COM-003,Fragrance,0.5232,N,576877,3
433723585310,COM-006,Labor,0.1794,Y,528129,3
433723585310,COM-012,Resin,0.153,N,528129,3
433723585310,COM-009,Pulp,0.6676,N,528129,3
902051938183,COM-009,Pulp,0.5061,Y,535037,5
902051938183,COM-004,Freight,0.1583,N,535037,5
902051938183,COM-005,Ingredients,0.3356,N,535037,5
402357707469,COM-004,Freight,0.2272,Y,228093,5
402357707469,COM-006,Labor,0.1133,N,228093,5
402357707469,COM-003,Fragrance,0.6595,N,228093,5
461777974575,COM-008,Packaging,0.4261,Y,254721,1
461777974575,COM-002,Co-manufacturing,0.2131,N,254721,1
461777974575,COM-011,Raw Materials,0.3608,N,254721,1
118570457049,COM-003,Fragrance,0.377,Y,378258,1
118570457049,COM-008,Packaging,0.5138,N,378258,1
118570457049,COM-009,Pulp,0.1092,N,378258,1
806341914182,COM-008,Packaging,0.1009,Y,163780,2
806341914182,COM-005,Ingredients,0.4418,N,163780,2
806341914182,COM-003,Fragrance,0.4573,N,163780,2
682386363435,COM-013,Utilities,0.2942,Y,575755,1
682386363435,COM-004,Freight,0.3182,N,575755,1
682386363435,COM-012,Resin,0.3876,N,575755,1
556979066473,COM-014,Warehousing,0.682,Y,199704,2
556979066473,COM-008,Packaging,0.2557,N,199704,2
556979066473,COM-010,Quality Testing,0.0623,N,199704,2
166814103555,COM-007,Overhead,0.5873,Y,688866,1
166814103555,COM-003,Fragrance,0.1881,N,688866,1
166814103555,COM-014,Warehousing,0.2246,N,688866,1
631101638339,COM-010,Quality Testing,0.4193,Y,988432,1
631101638339,COM-003,Fragrance,0.283,N,988432,1
631101638339,COM-014,Warehousing,0.2977,N,988432,1
397127624567,COM-011,Raw Materials,0.3971,Y,899444,1
397127624567,COM-008,Packaging,0.4583,N,899444,1
397127624567,COM-013,Utilities,0.1446,N,899444,1
273262828950,COM-011,Raw Materials,0.3033,Y,426775,2
273262828950,COM-002,Co-manufacturing,0.6034,N,426775,2
273262828950,COM-008,Packaging,0.0933,N,426775,2
587938676045,COM-007,Overhead,0.2378,Y,386436,3
587938676045,COM-011,Raw Materials,0.4374,N,386436,3
587938676045,COM-004,Freight,0.3248,N,386436,3
335988370017,COM-004,Freight,0.3502,Y,243901,4
335988370017,COM-001,Active Chemicals,0.2342,N,243901,4
335988370017,COM-010,Quality Testing,0.4156,N,243901,4
602591667934,COM-006,Labor,0.2608,Y,428267,1
602591667934,COM-010,Quality Testing,0.1617,N,428267,1
602591667934,COM-003,Fragrance,0.5775,N,428267,1
219591149697,COM-001,Active Chemicals,0.505,Y,556839,5
219591149697,COM-002,Co-manufacturing,0.3051,N,556839,5
219591149697,COM-008,Packaging,0.1899,N,556839,5
996125354020,COM-010,Quality Testing,0.3991,Y,347745,4
996125354020,COM-002,Co-manufacturing,0.1536,N,347745,4
996125354020,COM-009,Pulp,0.4473,N,347745,4
446291261920,COM-007,Overhead,0.0652,Y,561124,5
446291261920,COM-009,Pulp,0.1042,N,561124,5
446291261920,COM-010,Quality Testing,0.8306,N,561124,5
774697686009,COM-004,Freight,0.4813,Y,631699,1
774697686009,COM-005,Ingredients,0.2108,N,631699,1
774697686009,COM-003,Fragrance,0.3079,N,631699,1
989502767451,COM-009,Pulp,0.0812,Y,849014,4
989502767451,COM-001,Active Chemicals,0.2815,N,849014,4
989502767451,COM-010,Quality Testing,0.6373,N,849014,4
548340540254,COM-012,Resin,0.55,Y,454803,2
548340540254,COM-007,Overhead,0.2612,N,454803,2
548340540254,COM-010,Quality Testing,0.1888,N,454803,2
257469014953,COM-007,Overhead,0.2012,Y,425301,1
257469014953,COM-001,Active Chemicals,0.293,N,425301,1
257469014953,COM-012,Resin,0.5058,N,425301,1
497320932658,COM-008,Packaging,0.285,Y,480211,1
497320932658,COM-007,Overhead,0.5381,N,480211,1
497320932658,COM-014,Warehousing,0.1769,N,480211,1
945577668293,COM-011,Raw Materials,0.568,Y,237414,5
945577668293,COM-012,Resin,0.3887,N,237414,5
945577668293,COM-005,Ingredients,0.0433,N,237414,5
685120587252,COM-009,Pulp,0.2913,Y,424500,3
685120587252,COM-010,Quality Testing,0.1243,N,424500,3
685120587252,COM-007,Overhead,0.5844,N,424500,3
322551853248,COM-014,Warehousing,0.274,Y,734035,4
322551853248,COM-008,Packaging,0.5214,N,734035,4
322551853248,COM-007,Overhead,0.2046,N,734035,4
666528976346,COM-001,Active Chemicals,0.2809,Y,971415,5
666528976346,COM-005,Ingredients,0.6451,N,971415,5
666528976346,COM-004,Freight,0.074,N,971415,5
816034202609,COM-009,Pulp,0.5098,Y,929822,1
816034202609,COM-014,Warehousing,0.2555,N,929822,1
816034202609,COM-003,Fragrance,0.2347,N,929822,1
768843380505,COM-009,Pulp,0.2443,Y,543814,1
768843380505,COM-008,Packaging,0.5458,N,543814,1
768843380505,COM-010,Quality Testing,0.2099,N,543814,1
257704947058,COM-001,Active Chemicals,0.1497,Y,550089,4
257704947058,COM-014,Warehousing,0.6671,N,550089,4
257704947058,COM-010,Quality Testing,0.1832,N,550089,4
527931947563,COM-002,Co-manufacturing,0.5754,Y,365971,4
527931947563,COM-008,Packaging,0.2534,N,365971,4
527931947563,COM-003,Fragrance,0.1712,N,365971,4
807868630522,COM-011,Raw Materials,0.4753,Y,970720,1
807868630522,COM-007,Overhead,0.4497,N,970720,1
807868630522,COM-004,Freight,0.075,N,970720,1
700502596590,COM-010,Quality Testing,0.706,Y,365618,2
700502596590,COM-005,Ingredients,0.2615,N,365618,2
700502596590,COM-012,Resin,0.0325,N,365618,2
306045573885,COM-008,Packaging,0.8094,Y,825686,5
306045573885,COM-012,Resin,0.0865,N,825686,5
306045573885,COM-003,Fragrance,0.1041,N,825686,5
827257878289,COM-003,Fragrance,0.1977,Y,421384,4
827257878289,COM-012,Resin,0.5815,N,421384,4
827257878289,COM-007,Overhead,0.2208,N,421384,4
982671983350,COM-004,Freight,0.4586,Y,812413,1
982671983350,COM-010,Quality Testing,0.0272,N,812413,1
982671983350,COM-002,Co-manufacturing,0.5142,N,812413,1
843688354108,COM-004,Freight,0.4146,Y,488984,3
843688354108,COM-008,Packaging,0.4162,N,488984,3
843688354108,COM-011,Raw Materials,0.1692,N,488984,3
951527846849,COM-009,Pulp,0.7222,Y,838237,4
951527846849,COM-006,Labor,0.1513,N,838237,4
951527846849,COM-013,Utilities,0.1265,N,838237,4
171766929920,COM-008,Packaging,0.45,Y,668507,1
171766929920,COM-004,Freight,0.1877,N,668507,1
171766929920,COM-006,Labor,0.3623,N,668507,1
612685569631,COM-012,Resin,0.2854,Y,678443,4
612685569631,COM-010,Quality Testing,0.2046,N,678443,4
612685569631,COM-014,Warehousing,0.51,N,678443,4
613033733961,COM-012,Resin,0.5365,Y,642491,1
613033733961,COM-001,Active Chemicals,0.2618,N,642491,1
613033733961,COM-011,Raw Materials,0.2017,N,642491,1
452882961074,COM-007,Overhead,0.2761,Y,336422,4
452882961074,COM-006,Labor,0.2356,N,336422,4
452882961074,COM-002,Co-manufacturing,0.4883,N,336422,4
269997582302,COM-011,Raw Materials,0.4325,Y,790731,4
269997582302,COM-002,Co-manufacturing,0.4582,N,790731,4
269997582302,COM-003,Fragrance,0.1093,N,790731,4
791012979889,COM-011,Raw Materials,0.5707,Y,403742,5
791012979889,COM-006,Labor,0.4248,N,403742,5
791012979889,COM-009,Pulp,0.0045,N,403742,5
257224408651,COM-008,Packaging,0.4761,Y,853258,4
257224408651,COM-005,Ingredients,0.2023,N,853258,4
257224408651,COM-004,Freight,0.3216,N,853258,4
203684279962,COM-004,Freight,0.0841,Y,404309,1
203684279962,COM-010,Quality Testing,0.1063,N,404309,1
203684279962,COM-006,Labor,0.8096,N,404309,1
123611025550,COM-002,Co-manufacturing,0.6108,Y,512344,4
123611025550,COM-009,Pulp,0.2635,N,512344,4
123611025550,COM-007,Overhead,0.1257,N,512344,4
391552927358,COM-008,Packaging,0.5984,Y,483545,1
391552927358,COM-012,Resin,0.1258,N,483545,1
391552927358,COM-001,Active Chemicals,0.2758,N,483545,1
529911973419,COM-003,Fragrance,0.2186,Y,933510,5
529911973419,COM-001,Active Chemicals,0.4969,N,933510,5
529911973419,COM-012,Resin,0.2845,N,933510,5
981898694622,COM-003,Fragrance,0.3955,Y,644559,1
981898694622,COM-013,Utilities,0.2445,N,644559,1
981898694622,COM-007,Overhead,0.36,N,644559,1
995392845738,COM-002,Co-manufacturing,0.2604,Y,486251,3
995392845738,COM-011,Raw Materials,0.4785,N,486251,3
995392845738,COM-003,Fragrance,0.2611,N,486251,3
740170695850,COM-004,Freight,0.2848,Y,278794,2
740170695850,COM-011,Raw Materials,0.4059,N,278794,2
740170695850,COM-003,Fragrance,0.3093,N,278794,2
551621958390,COM-005,Ingredients,0.3416,Y,313795,2
551621958390,COM-002,Co-manufacturing,0.0395,N,313795,2
551621958390,COM-009,Pulp,0.6189,N,313795,2
688033095688,COM-004,Freight,0.2147,Y,672808,3
688033095688,COM-014,Warehousing,0.5438,N,672808,3
688033095688,COM-007,Overhead,0.2415,N,672808,3
330660793161,COM-012,Resin,0.7433,Y,839233,2
330660793161,COM-014,Warehousing,0.0879,N,839233,2
330660793161,COM-005,Ingredients,0.1688,N,839233,2
819159529356,COM-013,Utilities,0.5272,Y,883641,2
819159529356,COM-003,Fragrance,0.3781,N,883641,2
819159529356,COM-004,Freight,0.0947,N,883641,2
207599629988,COM-009,Pulp,0.3294,Y,446337,1
207599629988,COM-014,Warehousing,0.1461,N,446337,1
207599629988,COM-002,Co-manufacturing,0.5245,N,446337,1
197790929231,COM-014,Warehousing,0.3288,Y,702022,5
197790929231,COM-012,Resin,0.6392,N,702022,5
197790929231,COM-009,Pulp,0.032,N,702022,5
763864341229,COM-010,Quality Testing,0.1518,Y,451317,5
763864341229,COM-008,Packaging,0.7066,N,451317,5
763864341229,COM-005,Ingredients,0.1416,N,451317,5
907514342796,COM-012,Resin,0.1295,Y,929179,5
907514342796,COM-014,Warehousing,0.818,N,929179,5
907514342796,COM-001,Active Chemicals,0.0525,N,929179,5
254540161162,COM-011,Raw Materials,0.2141,Y,439320,1
254540161162,COM-007,Overhead,0.427,N,439320,1
254540161162,COM-002,Co-manufacturing,0.3589,N,439320,1
437006305345,COM-003,Fragrance,0.6373,Y,525110,5
437006305345,COM-004,Freight,0.2787,N,525110,5
437006305345,COM-010,Quality Testing,0.084,N,525110,5
870585189303,COM-001,Active Chemicals,0.3575,Y,593699,4
870585189303,COM-009,Pulp,0.1128,N,593699,4
870585189303,COM-014,Warehousing,0.5297,N,593699,4
704854978910,COM-009,Pulp,0.7173,Y,311976,1
704854978910,COM-008,Packaging,0.1736,N,311976,1
704854978910,COM-001,Active Chemicals,0.1091,N,311976,1
720437225134,COM-012,Resin,0.263,Y,685941,1
720437225134,COM-005,Ingredients,0.0978,N,685941,1
720437225134,COM-013,Utilities,0.6392,N,685941,1
547909643985,COM-014,Warehousing,0.2703,Y,906325,4
547909643985,COM-012,Resin,0.5074,N,906325,4
547909643985,COM-010,Quality Testing,0.2223,N,906325,4
293783053908,COM-012,Resin,0.2719,Y,512151,5
293783053908,COM-001,Active Chemicals,0.3401,N,512151,5
293783053908,COM-014,Warehousing,0.388,N,512151,5
307342336789,COM-011,Raw Materials,0.1006,Y,902674,2
307342336789,COM-009,Pulp,0.3053,N,902674,2
307342336789,COM-003,Fragrance,0.5941,N,902674,2
355288401397,COM-005,Ingredients,0.8059,Y,327823,2
355288401397,COM-003,Fragrance,0.0731,N,327823,2
355288401397,COM-010,Quality Testing,0.121,N,327823,2
401938352484,COM-005,Ingredients,0.4867,Y,683761,2
401938352484,COM-002,Co-manufacturing,0.1786,N,683761,2
401938352484,COM-010,Quality Testing,0.3347,N,683761,2
427058399256,COM-006,Labor,0.3114,Y,292811,4
427058399256,COM-010,Quality Testing,0.1653,N,292811,4
427058399256,COM-009,Pulp,0.5233,N,292811,4
248305185574,COM-011,Raw Materials,0.3644,Y,354655,4
248305185574,COM-007,Overhead,0.2624,N,354655,4
248305185574,COM-012,Resin,0.3732,N,354655,4
837550274915,COM-013,Utilities,0.1964,Y,327558,4
837550274915,COM-010,Quality Testing,0.3757,N,327558,4
837550274915,COM-009,Pulp,0.4279,N,327558,4
365923443265,COM-009,Pulp,0.3598,Y,437237,5
365923443265,COM-008,Packaging,0.4361,N,437237,5
365923443265,COM-013,Utilities,0.2041,N,437237,5
552315555921,COM-007,Overhead,0.4168,Y,689849,5
552315555921,COM-006,Labor,0.3317,N,689849,5
552315555921,COM-004,Freight,0.2515,N,689849,5
819624530104,COM-009,Pulp,0.4279,Y,453961,2
819624530104,COM-006,Labor,0.164,N,453961,2
819624530104,COM-013,Utilities,0.4081,N,453961,2
675777869916,COM-013,Utilities,0.634,Y,979827,2
675777869916,COM-006,Labor,0.2162,N,979827,2
675777869916,COM-011,Raw Materials,0.1498,N,979827,2
802733251364,COM-013,Utilities,0.4395,Y,746467,4
802733251364,COM-007,Overhead,0.3615,N,746467,4
802733251364,COM-001,Active Chemicals,0.199,N,746467,4
675939282671,COM-009,Pulp,0.0215,Y,352674,1
675939282671,COM-003,Fragrance,0.2182,N,352674,1
675939282671,COM-004,Freight,0.7603,N,352674,1
542783213089,COM-010,Quality Testing,0.5745,Y,495490,2
542783213089,COM-005,Ingredients,0.1379,N,495490,2
542783213089,COM-003,Fragrance,0.2876,N,495490,2
726582274627,COM-011,Raw Materials,0.2139,Y,384263,4
726582274627,COM-004,Freight,0.3681,N,384263,4
726582274627,COM-003,Fragrance,0.418,N,384263,4
277379043591,COM-013,Utilities,0.3366,Y,352153,5
277379043591,COM-008,Packaging,0.3084,N,352153,5
277379043591,COM-001,Active Chemicals,0.355,N,352153,5
185206458852,COM-009,Pulp,0.5191,Y,734565,1
185206458852,COM-004,Freight,0.1475,N,734565,1
185206458852,COM-005,Ingredients,0.3334,N,734565,1
828365787510,COM-006,Labor,0.1961,Y,189856,3
828365787510,COM-013,Utilities,0.3497,N,189856,3
828365787510,COM-012,Resin,0.4542,N,189856,3
439057432441,COM-008,Packaging,0.2296,Y,477400,3
439057432441,COM-005,Ingredients,0.2942,N,477400,3
439057432441,COM-001,Active Chemicals,0.4762,N,477400,3
417880582454,COM-006,Labor,0.6037,Y,506637,4
417880582454,COM-014,Warehousing,0.0523,N,506637,4
417880582454,COM-007,Overhead,0.344,N,506637,4
577459520169,COM-008,Packaging,0.3064,Y,541557,2
577459520169,COM-006,Labor,0.3504,N,541557,2
577459520169,COM-007,Overhead,0.3432,N,541557,2
466962963204,COM-006,Labor,0.1831,Y,955088,3
466962963204,COM-012,Resin,0.4333,N,955088,3
466962963204,COM-005,Ingredients,0.3836,N,955088,3
369646526717,COM-010,Quality Testing,0.188,Y,494322,5
369646526717,COM-001,Active Chemicals,0.2498,N,494322,5
369646526717,COM-011,Raw Materials,0.5622,N,494322,5
997945199081,COM-010,Quality Testing,0.367,Y,933665,5
997945199081,COM-012,Resin,0.3072,N,933665,5
997945199081,COM-008,Packaging,0.3258,N,933665,5
656345871689,COM-010,Quality Testing,0.5385,Y,538620,4
656345871689,COM-004,Freight,0.1597,N,538620,4
656345871689,COM-002,Co-manufacturing,0.3018,N,538620,4
812894168926,COM-001,Active Chemicals,0.7639,Y,778159,2
812894168926,COM-003,Fragrance,0.0698,N,778159,2
812894168926,COM-013,Utilities,0.1663,N,778159,2
948097398654,COM-008,Packaging,0.106,Y,717181,2
948097398654,COM-013,Utilities,0.8158,N,717181,2
948097398654,COM-006,Labor,0.0782,N,717181,2
630519148549,COM-011,Raw Materials,0.4459,Y,599292,2
630519148549,COM-005,Ingredients,0.3291,N,599292,2
630519148549,COM-002,Co-manufacturing,0.225,N,599292,2
706339659651,COM-006,Labor,0.2547,Y,447067,5
706339659651,COM-002,Co-manufacturing,0.4081,N,447067,5
706339659651,COM-010,Quality Testing,0.3372,N,447067,5
527046677715,COM-006,Labor,0.6115,Y,838968,3
527046677715,COM-005,Ingredients,0.2919,N,838968,3
527046677715,COM-010,Quality Testing,0.0966,N,838968,3
446342334150,COM-003,Fragrance,0.6762,Y,507517,3
446342334150,COM-014,Warehousing,0.2839,N,507517,3
446342334150,COM-008,Packaging,0.0399,N,507517,3
298070787352,COM-001,Active Chemicals,0.4185,Y,827120,3
298070787352,COM-013,Utilities,0.2953,N,827120,3
298070787352,COM-002,Co-manufacturing,0.2862,N,827120,3
302466031958,COM-001,Active Chemicals,0.3879,Y,982885,4
302466031958,COM-014,Warehousing,0.2953,N,982885,4
302466031958,COM-002,Co-manufacturing,0.3168,N,982885,4
638777240733,COM-010,Quality Testing,0.2106,Y,186686,3
638777240733,COM-009,Pulp,0.4602,N,186686,3
638777240733,COM-003,Fragrance,0.3292,N,186686,3
951554098697,COM-001,Active Chemicals,0.3042,Y,963274,4
951554098697,COM-004,Freight,0.3943,N,963274,4
951554098697,COM-012,Resin,0.3015,N,963274,4
594059667546,COM-013,Utilities,0.2662,Y,465509,5
594059667546,COM-005,Ingredients,0.3056,N,465509,5
594059667546,COM-014,Warehousing,0.4282,N,465509,5
959591468814,COM-007,Overhead,0.353,Y,953047,5
959591468814,COM-014,Warehousing,0.4592,N,953047,5
959591468814,COM-003,Fragrance,0.1878,N,953047,5
928768795058,COM-010,Quality Testing,0.14,Y,531589,4
928768795058,COM-002,Co-manufacturing,0.6228,N,531589,4
928768795058,COM-012,Resin,0.2372,N,531589,4
595532591925,COM-009,Pulp,0.5566,Y,764406,1
595532591925,COM-005,Ingredients,0.315,N,764406,1
595532591925,COM-003,Fragrance,0.1284,N,764406,1
606686527351,COM-009,Pulp,0.5959,Y,796405,5
606686527351,COM-007,Overhead,0.2995,N,796405,5
606686527351,COM-005,Ingredients,0.1046,N,796405,5
477047893181,COM-009,Pulp,0.3132,Y,899281,3
477047893181,COM-014,Warehousing,0.5005,N,899281,3
477047893181,COM-011,Raw Materials,0.1863,N,899281,3
273095194326,COM-010,Quality Testing,0.7637,Y,197874,2
273095194326,COM-004,Freight,0.1815,N,197874,2
273095194326,COM-012,Resin,0.0548,N,197874,2
183652247871,COM-009,Pulp,0.406,Y,722518,5
183652247871,COM-008,Packaging,0.1254,N,722518,5
183652247871,COM-004,Freight,0.4686,N,722518,5
505072760171,COM-003,Fragrance,0.6025,Y,243790,1
505072760171,COM-002,Co-manufacturing,0.2302,N,243790,1
505072760171,COM-006,Labor,0.1673,N,243790,1
266422547450,COM-005,Ingredients,0.4159,Y,746002,3
266422547450,COM-012,Resin,0.2367,N,746002,3
266422547450,COM-014,Warehousing,0.3474,N,746002,3
759506816723,COM-001,Active Chemicals,0.459,Y,856211,2
759506816723,COM-004,Freight,0.5165,N,856211,2
759506816723,COM-013,Utilities,0.0245,N,856211,2
523032321578,COM-012,Resin,0.6576,Y,352792,2
523032321578,COM-005,Ingredients,0.1491,N,352792,2
523032321578,COM-001,Active Chemicals,0.1933,N,352792,2
175537151055,COM-012,Resin,0.2114,Y,374921,5
175537151055,COM-013,Utilities,0.6743,N,374921,5
175537151055,COM-014,Warehousing,0.1143,N,374921,5
439661463094,COM-002,Co-manufacturing,0.5407,Y,636141,5
439661463094,COM-014,Warehousing,0.1095,N,636141,5
439661463094,COM-008,Packaging,0.3498,N,636141,5
195539313082,COM-006,Labor,0.3443,Y,221620,5
195539313082,COM-013,Utilities,0.6229,N,221620,5
195539313082,COM-011,Raw Materials,0.0328,N,221620,5
239036120536,COM-007,Overhead,0.2157,Y,919067,4
239036120536,COM-013,Utilities,0.6008,N,919067,4
239036120536,COM-003,Fragrance,0.1835,N,919067,4
282823383819,COM-014,Warehousing,0.1532,Y,264951,4
282823383819,COM-011,Raw Materials,0.7801,N,264951,4
282823383819,COM-004,Freight,0.0667,N,264951,4
705742274133,COM-007,Overhead,0.1394,Y,848705,4
705742274133,COM-008,Packaging,0.8548,N,848705,4
705742274133,COM-003,Fragrance,0.0058,N,848705,4
981426868196,COM-001,Active Chemicals,0.6311,Y,148159,1
981426868196,COM-009,Pulp,0.0337,N,148159,1
981426868196,COM-011,Raw Materials,0.3352,N,148159,1
750121784866,COM-001,Active Chemicals,0.4648,Y,910143,2
750121784866,COM-005,Ingredients,0.3666,N,910143,2
750121784866,COM-002,Co-manufacturing,0.1686,N,910143,2
212989897853,COM-014,Warehousing,0.4063,Y,655550,3
212989897853,COM-001,Active Chemicals,0.1139,N,655550,3
212989897853,COM-012,Resin,0.4798,N,655550,3
654461281286,COM-010,Quality Testing,0.6365,Y,768169,3
654461281286,COM-012,Resin,0.1643,N,768169,3
654461281286,COM-013,Utilities,0.1992,N,768169,3
246899532166,COM-009,Pulp,0.1848,Y,907557,3
246899532166,COM-007,Overhead,0.2735,N,907557,3
246899532166,COM-014,Warehousing,0.5417,N,907557,3
867530862781,COM-002,Co-manufacturing,0.0879,Y,142288,1
867530862781,COM-007,Overhead,0.8432,N,142288,1
867530862781,COM-010,Quality Testing,0.0689,N,142288,1
704508393916,COM-002,Co-manufacturing,0.447,Y,199326,1
704508393916,COM-014,Warehousing,0.0644,N,199326,1
704508393916,COM-010,Quality Testing,0.4886,N,199326,1
315025270085,COM-006,Labor,0.2663,Y,564971,4
315025270085,COM-003,Fragrance,0.2466,N,564971,4
315025270085,COM-012,Resin,0.4871,N,564971,4
487289257954,COM-009,Pulp,0.5395,Y,296242,4
487289257954,COM-012,Resin,0.3853,N,296242,4
487289257954,COM-001,Active Chemicals,0.0752,N,296242,4
560150924878,COM-009,Pulp,0.379,Y,773870,1
560150924878,COM-001,Active Chemicals,0.385,N,773870,1
560150924878,COM-014,Warehousing,0.236,N,773870,1
298730008062,COM-005,Ingredients,0.1734,Y,434367,4
298730008062,COM-010,Quality Testing,0.2937,N,434367,4
298730008062,COM-003,Fragrance,0.5329,N,434367,4
685260277007,COM-006,Labor,0.0862,Y,872863,2
685260277007,COM-004,Freight,0.6454,N,872863,2
685260277007,COM-003,Fragrance,0.2684,N,872863,2
873215259556,COM-008,Packaging,0.2736,Y,468765,5
873215259556,COM-011,Raw Materials,0.2335,N,468765,5
873215259556,COM-004,Freight,0.4929,N,468765,5
778252199568,COM-006,Labor,0.0889,Y,945619,2
778252199568,COM-010,Quality Testing,0.6346,N,945619,2
778252199568,COM-008,Packaging,0.2765,N,945619,2
829895002409,COM-009,Pulp,0.5688,Y,714483,3
829895002409,COM-002,Co-manufacturing,0.2156,N,714483,3
829895002409,COM-005,Ingredients,0.2156,N,714483,3
747103531154,COM-014,Warehousing,0.0437,Y,496764,5
747103531154,COM-010,Quality Testing,0.2295,N,496764,5
747103531154,COM-003,Fragrance,0.7268,N,496764,5
721222552579,COM-014,Warehousing,0.2366,Y,620287,2
721222552579,COM-013,Utilities,0.3971,N,620287,2
721222552579,COM-002,Co-manufacturing,0.3663,N,620287,2
175991612639,COM-009,Pulp,0.4334,Y,369125,3
175991612639,COM-012,Resin,0.3528,N,369125,3
175991612639,COM-005,Ingredients,0.2138,N,369125,3
594619843437,COM-006,Labor,0.6288,Y,938016,3
594619843437,COM-013,Utilities,0.0161,N,938016,3
594619843437,COM-008,Packaging,0.3551,N,938016,3
572579517352,COM-001,Active Chemicals,0.3554,Y,273012,1
572579517352,COM-013,Utilities,0.2308,N,273012,1
572579517352,COM-010,Quality Testing,0.4138,N,273012,1
204099477227,COM-003,Fragrance,0.6965,Y,511987,2
204099477227,COM-009,Pulp,0.153,N,511987,2
204099477227,COM-004,Freight,0.1505,N,511987,2
435503556153,COM-006,Labor,0.1533,Y,516774,1
435503556153,COM-009,Pulp,0.3394,N,516774,1
435503556153,COM-011,Raw Materials,0.5073,N,516774,1
395653002015,COM-004,Freight,0.2442,Y,164633,3
395653002015,COM-001,Active Chemicals,0.583,N,164633,3
395653002015,COM-011,Raw Materials,0.1728,N,164633,3
361484712305,COM-002,Co-manufacturing,0.377,Y,413369,4
361484712305,COM-003,Fragrance,0.2157,N,413369,4
361484712305,COM-006,Labor,0.4073,N,413369,4
336103650362,COM-014,Warehousing,0.2958,Y,302087,5
336103650362,COM-003,Fragrance,0.1973,N,302087,5
336103650362,COM-007,Overhead,0.5069,N,302087,5
536181262947,COM-010,Quality Testing,0.1575,Y,441968,5
536181262947,COM-012,Resin,0.4898,N,441968,5
536181262947,COM-008,Packaging,0.3527,N,441968,5
957115200247,COM-011,Raw Materials,0.4965,Y,923914,1
957115200247,COM-006,Labor,0.4137,N,923914,1
957115200247,COM-007,Overhead,0.0898,N,923914,1
464552347164,COM-014,Warehousing,0.6797,Y,349119,1
464552347164,COM-009,Pulp,0.2031,N,349119,1
464552347164,COM-013,Utilities,0.1172,N,349119,1
393435895045,COM-014,Warehousing,0.3604,Y,537017,2
393435895045,COM-011,Raw Materials,0.2075,N,537017,2
393435895045,COM-001,Active Chemicals,0.4321,N,537017,2
726546962644,COM-007,Overhead,0.6445,Y,282176,1
726546962644,COM-005,Ingredients,0.1561,N,282176,1
726546962644,COM-009,Pulp,0.1994,N,282176,1
362124272973,COM-013,Utilities,0.1701,Y,612530,3
362124272973,COM-014,Warehousing,0.2479,N,612530,3
362124272973,COM-008,Packaging,0.582,N,612530,3
730732359872,COM-012,Resin,0.5145,Y,324729,1
730732359872,COM-001,Active Chemicals,0.2921,N,324729,1
730732359872,COM-011,Raw Materials,0.1934,N,324729,1
375838991906,COM-009,Pulp,0.438,Y,944193,4
375838991906,COM-007,Overhead,0.4359,N,944193,4
375838991906,COM-002,Co-manufacturing,0.1261,N,944193,4
715787627934,COM-014,Warehousing,0.1779,Y,722615,4
715787627934,COM-007,Overhead,0.5431,N,722615,4
715787627934,COM-010,Quality Testing,0.279,N,722615,4
992504356319,COM-012,Resin,0.3624,Y,523727,2
992504356319,COM-014,Warehousing,0.3244,N,523727,2
992504356319,COM-013,Utilities,0.3132,N,523727,2
884804555817,COM-014,Warehousing,0.176,Y,819656,4
884804555817,COM-002,Co-manufacturing,0.6188,N,819656,4
884804555817,COM-001,Active Chemicals,0.2052,N,819656,4
386650063966,COM-012,Resin,0.2262,Y,947609,2
386650063966,COM-010,Quality Testing,0.2403,N,947609,2
386650063966,COM-005,Ingredients,0.5335,N,947609,2
232504954712,COM-001,Active Chemicals,0.1548,Y,156284,2
232504954712,COM-007,Overhead,0.5392,N,156284,2
232504954712,COM-012,Resin,0.306,N,156284,2
256584077006,COM-004,Freight,0.4668,Y,850432,1
256584077006,COM-010,Quality Testing,0.2903,N,850432,1
256584077006,COM-006,Labor,0.2429,N,850432,1
774865659834,COM-001,Active Chemicals,0.484,Y,764259,5
774865659834,COM-004,Freight,0.2506,N,764259,5
774865659834,COM-013,Utilities,0.2654,N,764259,5
107201578452,COM-006,Labor,0.5165,Y,869238,1
107201578452,COM-008,Packaging,0.0994,N,869238,1
107201578452,COM-011,Raw Materials,0.3841,N,869238,1
855433096260,COM-004,Freight,0.5753,Y,459381,2
855433096260,COM-013,Utilities,0.1924,N,459381,2
855433096260,COM-011,Raw Materials,0.2323,N,459381,2
816018765703,COM-008,Packaging,0.0173,Y,139178,4
816018765703,COM-002,Co-manufacturing,0.8011,N,139178,4
816018765703,COM-011,Raw Materials,0.1816,N,139178,4
234777163656,COM-002,Co-manufacturing,0.1067,Y,365015,5
234777163656,COM-001,Active Chemicals,0.7296,N,365015,5
234777163656,COM-007,Overhead,0.1637,N,365015,5
658796351695,COM-004,Freight,0.1688,Y,747703,4
658796351695,COM-010,Quality Testing,0.5836,N,747703,4
658796351695,COM-007,Overhead,0.2476,N,747703,4
143638472329,COM-008,Packaging,0.3402,Y,620465,2
143638472329,COM-014,Warehousing,0.0888,N,620465,2
143638472329,COM-003,Fragrance,0.571,N,620465,2
210481918731,COM-014,Warehousing,0.3467,Y,775636,1
210481918731,COM-007,Overhead,0.1963,N,775636,1
210481918731,COM-005,Ingredients,0.457,N,775636,1
936879728716,COM-013,Utilities,0.3772,Y,110142,3
936879728716,COM-008,Packaging,0.4599,N,110142,3
936879728716,COM-005,Ingredients,0.1629,N,110142,3
602349296008,COM-014,Warehousing,0.3619,Y,976303,2
602349296008,COM-006,Labor,0.2842,N,976303,2
602349296008,COM-008,Packaging,0.3539,N,976303,2
770793406340,COM-009,Pulp,0.5157,Y,917012,4
770793406340,COM-011,Raw Materials,0.2236,N,917012,4
770793406340,COM-008,Packaging,0.2607,N,917012,4
846758800926,COM-008,Packaging,0.7317,Y,904812,5
846758800926,COM-012,Resin,0.1612,N,904812,5
846758800926,COM-002,Co-manufacturing,0.1071,N,904812,5
774257430881,COM-005,Ingredients,0.086,Y,112210,4
774257430881,COM-004,Freight,0.7597,N,112210,4
774257430881,COM-014,Warehousing,0.1543,N,112210,4
999380226336,COM-013,Utilities,0.3152,Y,182659,1
999380226336,COM-002,Co-manufacturing,0.3955,N,182659,1
999380226336,COM-011,Raw Materials,0.2893,N,182659,1
102358361363,COM-004,Freight,0.0615,Y,930244,3
102358361363,COM-002,Co-manufacturing,0.2919,N,930244,3
102358361363,COM-010,Quality Testing,0.6466,N,930244,3
601842522128,COM-004,Freight,0.1601,Y,687360,3
601842522128,COM-011,Raw Materials,0.3634,N,687360,3
601842522128,COM-005,Ingredients,0.4765,N,687360,3
284240684348,COM-004,Freight,0.3205,Y,247271,5
284240684348,COM-009,Pulp,0.0758,N,247271,5
284240684348,COM-014,Warehousing,0.6037,N,247271,5
842331265000,COM-013,Utilities,0.5869,Y,229204,1
842331265000,COM-011,Raw Materials,0.3845,N,229204,1
842331265000,COM-001,Active Chemicals,0.0286,N,229204,1
738626494246,COM-012,Resin,0.1788,Y,865979,4
738626494246,COM-003,Fragrance,0.532,N,865979,4
738626494246,COM-013,Utilities,0.2892,N,865979,4
986708220451,COM-002,Co-manufacturing,0.3182,Y,244892,2
986708220451,COM-004,Freight,0.4943,N,244892,2
986708220451,COM-010,Quality Testing,0.1875,N,244892,2
244621743889,COM-013,Utilities,0.7486,Y,781664,4
244621743889,COM-008,Packaging,0.0748,N,781664,4
244621743889,COM-005,Ingredients,0.1766,N,781664,4
986577398621,COM-007,Overhead,0.453,Y,648122,4
986577398621,COM-002,Co-manufacturing,0.4954,N,648122,4
986577398621,COM-014,Warehousing,0.0516,N,648122,4
695942148213,COM-012,Resin,0.4073,Y,476105,1
695942148213,COM-004,Freight,0.3116,N,476105,1
695942148213,COM-001,Active Chemicals,0.2811,N,476105,1
556931067925,COM-014,Warehousing,0.4869,Y,818430,5
556931067925,COM-004,Freight,0.0665,N,818430,5
556931067925,COM-002,Co-manufacturing,0.4466,N,818430,5
590889755438,COM-007,Overhead,0.4815,Y,815819,5
590889755438,COM-006,Labor,0.365,N,815819,5
590889755438,COM-010,Quality Testing,0.1535,N,815819,5
271530232564,COM-014,Warehousing,0.08,Y,261169,2
271530232564,COM-002,Co-manufacturing,0.6601,N,261169,2
271530232564,COM-007,Overhead,0.2599,N,261169,2
880756469984,COM-008,Packaging,0.2349,Y,650916,4
880756469984,COM-005,Ingredients,0.3502,N,650916,4
880756469984,COM-004,Freight,0.4149,N,650916,4
337484093561,COM-002,Co-manufacturing,0.0527,Y,748314,5
337484093561,COM-003,Fragrance,0.3523,N,748314,5
337484093561,COM-010,Quality Testing,0.595,N,748314,5
975812260897,COM-001,Active Chemicals,0.3243,Y,504620,1
975812260897,COM-010,Quality Testing,0.4003,N,504620,1
975812260897,COM-014,Warehousing,0.2754,N,504620,1
664016448587,COM-014,Warehousing,0.3017,Y,200617,4
664016448587,COM-002,Co-manufacturing,0.5155,N,200617,4
664016448587,COM-012,Resin,0.1828,N,200617,4
854827148455,COM-010,Quality Testing,0.4475,Y,124906,2
854827148455,COM-007,Overhead,0.173,N,124906,2
854827148455,COM-001,Active Chemicals,0.3795,N,124906,2
595587826397,COM-011,Raw Materials,0.6144,Y,524094,4
595587826397,COM-013,Utilities,0.2558,N,524094,4
595587826397,COM-008,Packaging,0.1298,N,524094,4
197094460985,COM-013,Utilities,0.4932,Y,902448,4
197094460985,COM-012,Resin,0.051,N,902448,4
197094460985,COM-001,Active Chemicals,0.4558,N,902448,4
705638278518,COM-004,Freight,0.5134,Y,248241,5
705638278518,COM-012,Resin,0.2935,N,248241,5
705638278518,COM-002,Co-manufacturing,0.1931,N,248241,5
311538915196,COM-002,Co-manufacturing,0.5935,Y,290167,1
311538915196,COM-008,Packaging,0.4024,N,290167,1
311538915196,COM-007,Overhead,0.0041,N,290167,1
238972851068,COM-013,Utilities,0.3798,Y,787313,2
238972851068,COM-003,Fragrance,0.2242,N,787313,2
238972851068,COM-006,Labor,0.396,N,787313,2
105019268492,COM-009,Pulp,0.3906,Y,358133,4
105019268492,COM-014,Warehousing,0.201,N,358133,4
105019268492,COM-010,Quality Testing,0.4084,N,358133,4
768492553913,COM-013,Utilities,0.3939,Y,982683,5
768492553913,COM-008,Packaging,0.3286,N,982683,5
768492553913,COM-011,Raw Materials,0.2775,N,982683,5
142547249899,COM-013,Utilities,0.5647,Y,373276,5
142547249899,COM-007,Overhead,0.1152,N,373276,5
142547249899,COM-006,Labor,0.3201,N,373276,5
651318604571,COM-006,Labor,0.5391,Y,794868,4
651318604571,COM-014,Warehousing,0.3203,N,794868,4
651318604571,COM-003,Fragrance,0.1406,N,794868,4
340691770428,COM-012,Resin,0.5979,Y,611329,5
340691770428,COM-009,Pulp,0.3046,N,611329,5
340691770428,COM-010,Quality Testing,0.0975,N,611329,5
798023981510,COM-001,Active Chemicals,0.5555,Y,975427,1
798023981510,COM-007,Overhead,0.3062,N,975427,1
798023981510,COM-012,Resin,0.1383,N,975427,1
969674448258,COM-006,Labor,0.3254,Y,733561,4
969674448258,COM-014,Warehousing,0.3308,N,733561,4
969674448258,COM-010,Quality Testing,0.3438,N,733561,4
556255863329,COM-006,Labor,0.4997,Y,446265,4
556255863329,COM-002,Co-manufacturing,0.2147,N,446265,4
556255863329,COM-012,Resin,0.2856,N,446265,4
246720932454,COM-003,Fragrance,0.2975,Y,637544,2
246720932454,COM-014,Warehousing,0.2809,N,637544,2
246720932454,COM-002,Co-manufacturing,0.4216,N,637544,2
590556533399,COM-010,Quality Testing,0.2923,Y,594312,5
590556533399,COM-003,Fragrance,0.6221,N,594312,5
590556533399,COM-006,Labor,0.0856,N,594312,5
854729635407,COM-011,Raw Materials,0.3848,Y,575497,5
854729635407,COM-004,Freight,0.2205,N,575497,5
854729635407,COM-001,Active Chemicals,0.3947,N,575497,5
293687127561,COM-001,Active Chemicals,0.6832,Y,744610,5
293687127561,COM-011,Raw Materials,0.2403,N,744610,5
293687127561,COM-002,Co-manufacturing,0.0765,N,744610,5
682816938001,COM-010,Quality Testing,0.4218,Y,340633,4
682816938001,COM-013,Utilities,0.2654,N,340633,4
682816938001,COM-014,Warehousing,0.3128,N,340633,4
943862896001,COM-003,Fragrance,0.153,Y,187889,1
943862896001,COM-001,Active Chemicals,0.7194,N,187889,1
943862896001,COM-008,Packaging,0.1276,N,187889,1
447051770714,COM-012,Resin,0.4868,Y,479867,1
447051770714,COM-003,Fragrance,0.3049,N,479867,1
447051770714,COM-005,Ingredients,0.2083,N,479867,1
707365190159,COM-013,Utilities,0.3106,Y,684646,2
707365190159,COM-006,Labor,0.3226,N,684646,2
707365190159,COM-002,Co-manufacturing,0.3668,N,684646,2
332358927381,COM-011,Raw Materials,0.0207,Y,520018,5
332358927381,COM-010,Quality Testing,0.441,N,520018,5
332358927381,COM-008,Packaging,0.5383,N,520018,5
388038032310,COM-003,Fragrance,0.4958,Y,488848,4
388038032310,COM-002,Co-manufacturing,0.2222,N,488848,4
388038032310,COM-001,Active Chemicals,0.282,N,488848,4
643915909538,COM-004,Freight,0.137,Y,111230,5
643915909538,COM-003,Fragrance,0.2501,N,111230,5
643915909538,COM-006,Labor,0.6129,N,111230,5
955883631729,COM-001,Active Chemicals,0.3906,Y,470281,3
955883631729,COM-007,Overhead,0.2216,N,470281,3
955883631729,COM-013,Utilities,0.3878,N,470281,3
766691862699,COM-007,Overhead,0.4112,Y,576849,4
766691862699,COM-005,Ingredients,0.2297,N,576849,4
766691862699,COM-008,Packaging,0.3591,N,576849,4
516466036992,COM-008,Packaging,0.1639,Y,607122,2
516466036992,COM-007,Overhead,0.2591,N,607122,2
516466036992,COM-014,Warehousing,0.577,N,607122,2
668452219998,COM-001,Active Chemicals,0.2937,Y,110195,5
668452219998,COM-006,Labor,0.338,N,110195,5
668452219998,COM-009,Pulp,0.3683,N,110195,5
310066538900,COM-006,Labor,0.163,Y,872918,3
310066538900,COM-010,Quality Testing,0.3212,N,872918,3
310066538900,COM-008,Packaging,0.5158,N,872918,3
510093321841,COM-007,Overhead,0.1963,Y,430738,1
510093321841,COM-012,Resin,0.1053,N,430738,1
510093321841,COM-004,Freight,0.6984,N,430738,1
649895669380,COM-011,Raw Materials,0.4309,Y,512842,1
649895669380,COM-014,Warehousing,0.1741,N,512842,1
649895669380,COM-002,Co-manufacturing,0.395,N,512842,1
771567968325,COM-005,Ingredients,0.5114,Y,296243,3
771567968325,COM-006,Labor,0.2717,N,296243,3
771567968325,COM-009,Pulp,0.2169,N,296243,3
541755966805,COM-012,Resin,0.3288,Y,572623,2
541755966805,COM-014,Warehousing,0.3531,N,572623,2
541755966805,COM-004,Freight,0.3181,N,572623,2
560320023148,COM-011,Raw Materials,0.2252,Y,241003,5
560320023148,COM-012,Resin,0.1629,N,241003,5
560320023148,COM-008,Packaging,0.6119,N,241003,5
594334852500,COM-014,Warehousing,0.4566,Y,450912,1
594334852500,COM-002,Co-manufacturing,0.3919,N,450912,1
594334852500,COM-003,Fragrance,0.1515,N,450912,1
458007467288,COM-014,Warehousing,0.4609,Y,635239,4
458007467288,COM-006,Labor,0.3174,N,635239,4
458007467288,COM-002,Co-manufacturing,0.2217,N,635239,4
276433442284,COM-012,Resin,0.2636,Y,339303,3
276433442284,COM-007,Overhead,0.6684,N,339303,3
276433442284,COM-009,Pulp,0.068,N,339303,3
302582088715,COM-008,Packaging,0.1693,Y,231113,5
302582088715,COM-009,Pulp,0.6346,N,231113,5
302582088715,COM-001,Active Chemicals,0.1961,N,231113,5
779732056668,COM-009,Pulp,0.2778,Y,188406,1
779732056668,COM-002,Co-manufacturing,0.1557,N,188406,1
779732056668,COM-006,Labor,0.5665,N,188406,1
493691945766,COM-001,Active Chemicals,0.4628,Y,599284,4
493691945766,COM-006,Labor,0.29,N,599284,4
493691945766,COM-003,Fragrance,0.2472,N,599284,4
802827531370,COM-007,Overhead,0.4101,Y,424703,3
802827531370,COM-005,Ingredients,0.3708,N,424703,3
802827531370,COM-012,Resin,0.2191,N,424703,3
936725684949,COM-010,Quality Testing,0.5605,Y,460589,1
936725684949,COM-012,Resin,0.3121,N,460589,1
936725684949,COM-007,Overhead,0.1274,N,460589,1
717969180549,COM-008,Packaging,0.2478,Y,513927,2
717969180549,COM-012,Resin,0.1323,N,513927,2
717969180549,COM-002,Co-manufacturing,0.6199,N,513927,2
918828888003,COM-009,Pulp,0.2492,Y,948097,4
918828888003,COM-007,Overhead,0.1433,N,948097,4
918828888003,COM-013,Utilities,0.6075,N,948097,4
123772518378,COM-004,Freight,0.5982,Y,207241,4
123772518378,COM-005,Ingredients,0.0588,N,207241,4
123772518378,COM-012,Resin,0.343,N,207241,4
137758881655,COM-014,Warehousing,0.0086,Y,184120,4
137758881655,COM-007,Overhead,0.7236,N,184120,4
137758881655,COM-012,Resin,0.2678,N,184120,4
372485442411,COM-007,Overhead,0.3871,Y,135138,1
372485442411,COM-005,Ingredients,0.1842,N,135138,1
372485442411,COM-006,Labor,0.4287,N,135138,1
802146534620,COM-010,Quality Testing,0.5512,Y,308376,5
802146534620,COM-007,Overhead,0.2818,N,308376,5
802146534620,COM-003,Fragrance,0.167,N,308376,5
961489166009,COM-005,Ingredients,0.7558,Y,598357,3
961489166009,COM-010,Quality Testing,0.04,N,598357,3
961489166009,COM-002,Co-manufacturing,0.2042,N,598357,3
969887013783,COM-013,Utilities,0.3326,Y,231939,1
969887013783,COM-004,Freight,0.3269,N,231939,1
969887013783,COM-011,Raw Materials,0.3405,N,231939,1
146809401363,COM-007,Overhead,0.1922,Y,840951,3
146809401363,COM-003,Fragrance,0.2922,N,840951,3
146809401363,COM-001,Active Chemicals,0.5156,N,840951,3
998918069255,COM-014,Warehousing,0.4847,Y,667915,1
998918069255,COM-005,Ingredients,0.2041,N,667915,1
998918069255,COM-003,Fragrance,0.3112,N,667915,1
692564453681,COM-001,Active Chemicals,0.6156,Y,299092,3
692564453681,COM-002,Co-manufacturing,0.1645,N,299092,3
692564453681,COM-008,Packaging,0.2199,N,299092,3
633035743163,COM-004,Freight,0.2082,Y,203550,1
633035743163,COM-003,Fragrance,0.0239,N,203550,1
633035743163,COM-013,Utilities,0.7679,N,203550,1
803520023718,COM-013,Utilities,0.4343,Y,478458,1
803520023718,COM-008,Packaging,0.2691,N,478458,1
803520023718,COM-007,Overhead,0.2966,N,478458,1
356517660203,COM-012,Resin,0.3379,Y,504048,2
356517660203,COM-013,Utilities,0.4004,N,504048,2
356517660203,COM-008,Packaging,0.2617,N,504048,2
215460850007,COM-005,Ingredients,0.1981,Y,930956,3
215460850007,COM-001,Active Chemicals,0.6567,N,930956,3
215460850007,COM-014,Warehousing,0.1452,N,930956,3
767109141999,COM-011,Raw Materials,0.1311,Y,690500,3
767109141999,COM-013,Utilities,0.6587,N,690500,3
767109141999,COM-014,Warehousing,0.2102,N,690500,3
332881230114,COM-006,Labor,0.5566,Y,122755,4
332881230114,COM-008,Packaging,0.3116,N,122755,4
332881230114,COM-011,Raw Materials,0.1318,N,122755,4
373083279361,COM-006,Labor,0.2439,Y,368691,3
373083279361,COM-009,Pulp,0.6579,N,368691,3
373083279361,COM-013,Utilities,0.0982,N,368691,3
987901979370,COM-013,Utilities,0.5592,Y,500080,1
987901979370,COM-002,Co-manufacturing,0.3687,N,500080,1
987901979370,COM-003,Fragrance,0.0721,N,500080,1
676834652368,COM-009,Pulp,0.3404,Y,434827,5
676834652368,COM-010,Quality Testing,0.1807,N,434827,5
676834652368,COM-003,Fragrance,0.4789,N,434827,5
964533035126,COM-001,Active Chemicals,0.6171,Y,255202,4
964533035126,COM-012,Resin,0.1179,N,255202,4
964533035126,COM-013,Utilities,0.265,N,255202,4
535887044366,COM-005,Ingredients,0.3499,Y,699083,5
535887044366,COM-002,Co-manufacturing,0.3106,N,699083,5
535887044366,COM-003,Fragrance,0.3395,N,699083,5
483820901946,COM-003,Fragrance,0.2995,Y,436318,1
483820901946,COM-010,Quality Testing,0.0777,N,436318,1
483820901946,COM-009,Pulp,0.6228,N,436318,1
852476918258,COM-014,Warehousing,0.7887,Y,263568,1
852476918258,COM-007,Overhead,0.1547,N,263568,1
852476918258,COM-011,Raw Materials,0.0566,N,263568,1
123498583446,COM-013,Utilities,0.22,Y,319162,5
123498583446,COM-014,Warehousing,0.0992,N,319162,5
123498583446,COM-002,Co-manufacturing,0.6808,N,319162,5
165156026766,COM-008,Packaging,0.1636,Y,310445,3
165156026766,COM-012,Resin,0.421,N,310445,3
165156026766,COM-002,Co-manufacturing,0.4154,N,310445,3
417909520690,COM-001,Active Chemicals,0.328,Y,505298,5
417909520690,COM-008,Packaging,0.1221,N,505298,5
417909520690,COM-006,Labor,0.5499,N,505298,5
437281270772,COM-007,Overhead,0.4812,Y,613731,4
437281270772,COM-010,Quality Testing,0.3729,N,613731,4
437281270772,COM-011,Raw Materials,0.1459,N,613731,4
823241769003,COM-006,Labor,0.426,Y,192059,3
823241769003,COM-012,Resin,0.2643,N,192059,3
823241769003,COM-007,Overhead,0.3097,N,192059,3
253126204032,COM-002,Co-manufacturing,0.1203,Y,667650,3
253126204032,COM-003,Fragrance,0.3219,N,667650,3
253126204032,COM-006,Labor,0.5578,N,667650,3
262691806925,COM-013,Utilities,0.3751,Y,130915,1
262691806925,COM-007,Overhead,0.4901,N,130915,1
262691806925,COM-006,Labor,0.1348,N,130915,1
776938306428,COM-001,Active Chemicals,0.4484,Y,735022,1
776938306428,COM-003,Fragrance,0.1819,N,735022,1
776938306428,COM-009,Pulp,0.3697,N,735022,1
276684271802,COM-004,Freight,0.164,Y,337264,2
276684271802,COM-010,Quality Testing,0.1244,N,337264,2
276684271802,COM-014,Warehousing,0.7116,N,337264,2
606233943489,COM-003,Fragrance,0.1157,Y,548324,2
606233943489,COM-001,Active Chemicals,0.6157,N,548324,2
606233943489,COM-010,Quality Testing,0.2686,N,548324,2
370565057016,COM-007,Overhead,0.7021,Y,663996,4
370565057016,COM-009,Pulp,0.1615,N,663996,4
370565057016,COM-012,Resin,0.1364,N,663996,4
771279421259,COM-001,Active Chemicals,0.6329,Y,823468,5
771279421259,COM-006,Labor,0.2967,N,823468,5
771279421259,COM-012,Resin,0.0704,N,823468,5
750488605610,COM-008,Packaging,0.1026,Y,311741,3
750488605610,COM-014,Warehousing,0.4387,N,311741,3
750488605610,COM-013,Utilities,0.4587,N,311741,3
523944535708,COM-003,Fragrance,0.4358,Y,929493,5
523944535708,COM-002,Co-manufacturing,0.3398,N,929493,5
523944535708,COM-006,Labor,0.2244,N,929493,5
440625533482,COM-009,Pulp,0.6473,Y,905967,1
440625533482,COM-014,Warehousing,0.0813,N,905967,1
440625533482,COM-010,Quality Testing,0.2714,N,905967,1
745176560476,COM-011,Raw Materials,0.2878,Y,598820,1
745176560476,COM-006,Labor,0.2953,N,598820,1
745176560476,COM-010,Quality Testing,0.4169,N,598820,1
138026907248,COM-002,Co-manufacturing,0.3444,Y,706174,5
138026907248,COM-007,Overhead,0.5599,N,706174,5
138026907248,COM-003,Fragrance,0.0957,N,706174,5
738873528295,COM-008,Packaging,0.1158,Y,137581,4
738873528295,COM-007,Overhead,0.5264,N,137581,4
738873528295,COM-009,Pulp,0.3578,N,137581,4
553235240345,COM-003,Fragrance,0.6144,Y,320038,1
553235240345,COM-010,Quality Testing,0.1516,N,320038,1
553235240345,COM-013,Utilities,0.234,N,320038,1
733616730635,COM-004,Freight,0.6762,Y,471042,3
733616730635,COM-013,Utilities,0.1362,N,471042,3
733616730635,COM-007,Overhead,0.1876,N,471042,3
974564694517,COM-004,Freight,0.0644,Y,873291,1
974564694517,COM-011,Raw Materials,0.3627,N,873291,1
974564694517,COM-002,Co-manufacturing,0.5729,N,873291,1
655340491135,COM-004,Freight,0.1634,Y,439658,5
655340491135,COM-005,Ingredients,0.7097,N,439658,5
655340491135,COM-010,Quality Testing,0.1269,N,439658,5
605204979213,COM-007,Overhead,0.331,Y,451387,4
605204979213,COM-003,Fragrance,0.1716,N,451387,4
605204979213,COM-013,Utilities,0.4974,N,451387,4
854099180772,COM-002,Co-manufacturing,0.4939,Y,938373,4
854099180772,COM-001,Active Chemicals,0.3345,N,938373,4
854099180772,COM-006,Labor,0.1716,N,938373,4
927993862448,COM-014,Warehousing,0.0586,Y,839525,4
927993862448,COM-007,Overhead,0.7105,N,839525,4
927993862448,COM-004,Freight,0.2309,N,839525,4
142026014401,COM-009,Pulp,0.4927,Y,311915,2
142026014401,COM-013,Utilities,0.3441,N,311915,2
142026014401,COM-001,Active Chemicals,0.1632,N,311915,2
670964464815,COM-008,Packaging,0.3187,Y,239164,5
670964464815,COM-011,Raw Materials,0.1483,N,239164,5
670964464815,COM-007,Overhead,0.533,N,239164,5
211867318524,COM-004,Freight,0.3334,Y,903398,5
211867318524,COM-007,Overhead,0.3542,N,903398,5
211867318524,COM-010,Quality Testing,0.3124,N,903398,5
272440019476,COM-006,Labor,0.3498,Y,220020,3
272440019476,COM-013,Utilities,0.1006,N,220020,3
272440019476,COM-007,Overhead,0.5496,N,220020,3
694160359326,COM-006,Labor,0.8335,Y,153190,2
694160359326,COM-013,Utilities,0.1125,N,153190,2
694160359326,COM-003,Fragrance,0.054,N,153190,2
440829811178,COM-003,Fragrance,0.1785,Y,957150,5
440829811178,COM-006,Labor,0.2366,N,957150,5
440829811178,COM-008,Packaging,0.5849,N,957150,5
355424049607,COM-009,Pulp,0.1859,Y,250703,1
355424049607,COM-014,Warehousing,0.5836,N,250703,1
355424049607,COM-011,Raw Materials,0.2305,N,250703,1
409971232353,COM-001,Active Chemicals,0.1775,Y,465549,4
409971232353,COM-009,Pulp,0.1509,N,465549,4
409971232353,COM-012,Resin,0.6716,N,465549,4
632463810554,COM-004,Freight,0.3524,Y,169268,3
632463810554,COM-006,Labor,0.5239,N,169268,3
632463810554,COM-002,Co-manufacturing,0.1237,N,169268,3
755378350275,COM-010,Quality Testing,0.235,Y,441183,5
755378350275,COM-012,Resin,0.2397,N,441183,5
755378350275,COM-005,Ingredients,0.5253,N,441183,5
998582800308,COM-006,Labor,0.2987,Y,708979,5
998582800308,COM-009,Pulp,0.062,N,708979,5
998582800308,COM-001,Active Chemicals,0.6393,N,708979,5
848207619702,COM-003,Fragrance,0.0259,Y,414295,3
848207619702,COM-011,Raw Materials,0.5551,N,414295,3
848207619702,COM-014,Warehousing,0.419,N,414295,3
100228180081,COM-002,Co-manufacturing,0.4296,Y,687234,3
100228180081,COM-005,Ingredients,0.2089,N,687234,3
100228180081,COM-013,Utilities,0.3615,N,687234,3
826756639166,COM-006,Labor,0.2287,Y,597938,3
826756639166,COM-014,Warehousing,0.2234,N,597938,3
826756639166,COM-011,Raw Materials,0.5479,N,597938,3
579567143505,COM-001,Active Chemicals,0.4872,Y,188776,5
579567143505,COM-012,Resin,0.2034,N,188776,5
579567143505,COM-014,Warehousing,0.3094,N,188776,5
763249344817,COM-003,Fragrance,0.4023,Y,706012,3
763249344817,COM-005,Ingredients,0.3143,N,706012,3
763249344817,COM-011,Raw Materials,0.2834,N,706012,3
736141197067,COM-008,Packaging,0.1889,Y,824038,4
736141197067,COM-004,Freight,0.3552,N,824038,4
736141197067,COM-009,Pulp,0.4559,N,824038,4
685591071839,COM-007,Overhead,0.6213,Y,111307,5
685591071839,COM-006,Labor,0.1863,N,111307,5
685591071839,COM-011,Raw Materials,0.1924,N,111307,5
737687368828,COM-014,Warehousing,0.457,Y,700687,5
737687368828,COM-010,Quality Testing,0.1555,N,700687,5
737687368828,COM-007,Overhead,0.3875,N,700687,5
382857347964,COM-009,Pulp,0.1015,Y,877444,1
382857347964,COM-005,Ingredients,0.1212,N,877444,1
382857347964,COM-006,Labor,0.7773,N,877444,1
683253861572,COM-010,Quality Testing,0.358,Y,459502,5
683253861572,COM-012,Resin,0.3523,N,459502,5
683253861572,COM-004,Freight,0.2897,N,459502,5
905640333459,COM-013,Utilities,0.3903,Y,156964,5
905640333459,COM-010,Quality Testing,0.058,N,156964,5
905640333459,COM-001,Active Chemicals,0.5517,N,156964,5
260041756412,COM-002,Co-manufacturing,0.5471,Y,555851,3
260041756412,COM-005,Ingredients,0.177,N,555851,3
260041756412,COM-012,Resin,0.2759,N,555851,3
981615429089,COM-002,Co-manufacturing,0.5228,Y,367747,5
981615429089,COM-013,Utilities,0.297,N,367747,5
981615429089,COM-006,Labor,0.1802,N,367747,5
209140482420,COM-011,Raw Materials,0.5082,Y,208954,4
209140482420,COM-014,Warehousing,0.1891,N,208954,4
209140482420,COM-003,Fragrance,0.3027,N,208954,4
195004578288,COM-007,Overhead,0.364,Y,236217,1
195004578288,COM-009,Pulp,0.0937,N,236217,1
195004578288,COM-002,Co-manufacturing,0.5423,N,236217,1
948975788158,COM-007,Overhead,0.6378,Y,439113,5
948975788158,COM-014,Warehousing,0.1442,N,439113,5
948975788158,COM-006,Labor,0.218,N,439113,5
809436007104,COM-008,Packaging,0.2068,Y,213697,1
809436007104,COM-003,Fragrance,0.0558,N,213697,1
809436007104,COM-013,Utilities,0.7374,N,213697,1
817898862664,COM-013,Utilities,0.5625,Y,100909,5
817898862664,COM-010,Quality Testing,0.2046,N,100909,5
817898862664,COM-009,Pulp,0.2329,N,100909,5
100970004816,COM-002,Co-manufacturing,0.4714,Y,822742,3
100970004816,COM-014,Warehousing,0.2414,N,822742,3
100970004816,COM-008,Packaging,0.2872,N,822742,3
945079711127,COM-002,Co-manufacturing,0.4233,Y,779259,4
945079711127,COM-013,Utilities,0.269,N,779259,4
945079711127,COM-005,Ingredients,0.3077,N,779259,4
251137599190,COM-002,Co-manufacturing,0.2618,Y,302472,1
251137599190,COM-007,Overhead,0.1709,N,302472,1
251137599190,COM-009,Pulp,0.5673,N,302472,1
964738916834,COM-002,Co-manufacturing,0.2936,Y,144894,3
964738916834,COM-001,Active Chemicals,0.2845,N,144894,3
964738916834,COM-006,Labor,0.4219,N,144894,3
637479038462,COM-014,Warehousing,0.1357,Y,119989,2
637479038462,COM-010,Quality Testing,0.5967,N,119989,2
637479038462,COM-008,Packaging,0.2676,N,119989,2
645951244593,COM-012,Resin,0.5849,Y,937995,4
645951244593,COM-005,Ingredients,0.2905,N,937995,4
645951244593,COM-008,Packaging,0.1246,N,937995,4
150526974031,COM-011,Raw Materials,0.1946,Y,281873,4
150526974031,COM-006,Labor,0.4782,N,281873,4
150526974031,COM-008,Packaging,0.3272,N,281873,4
104641668259,COM-007,Overhead,0.1682,Y,288128,3
104641668259,COM-001,Active Chemicals,0.2129,N,288128,3
104641668259,COM-009,Pulp,0.6189,N,288128,3
886752111294,COM-008,Packaging,0.2222,Y,741780,2
886752111294,COM-001,Active Chemicals,0.2843,N,741780,2
886752111294,COM-014,Warehousing,0.4935,N,741780,2
790503315009,COM-006,Labor,0.7813,Y,318217,3
790503315009,COM-014,Warehousing,0.1919,N,318217,3
790503315009,COM-002,Co-manufacturing,0.0268,N,318217,3
577641551003,COM-006,Labor,0.2213,Y,450533,1
577641551003,COM-010,Quality Testing,0.5423,N,450533,1
577641551003,COM-011,Raw Materials,0.2364,N,450533,1
588429707092,COM-008,Packaging,0.2777,Y,707924,4
588429707092,COM-004,Freight,0.309,N,707924,4
588429707092,COM-013,Utilities,0.4133,N,707924,4
741973014853,COM-013,Utilities,0.4608,Y,156978,2
741973014853,COM-004,Freight,0.1935,N,156978,2
741973014853,COM-002,Co-manufacturing,0.3457,N,156978,2
725743279503,COM-003,Fragrance,0.7428,Y,394234,2
725743279503,COM-006,Labor,0.0408,N,394234,2
725743279503,COM-002,Co-manufacturing,0.2164,N,394234,2
639111891855,COM-012,Resin,0.2153,Y,720317,2
639111891855,COM-003,Fragrance,0.6212,N,720317,2
639111891855,COM-004,Freight,0.1635,N,720317,2
151454498679,COM-009,Pulp,0.2594,Y,593515,1
151454498679,COM-014,Warehousing,0.3412,N,593515,1
151454498679,COM-004,Freight,0.3994,N,593515,1
423661887880,COM-011,Raw Materials,0.7065,Y,779099,4
423661887880,COM-009,Pulp,0.2453,N,779099,4
423661887880,COM-010,Quality Testing,0.0482,N,779099,4
609498273494,COM-013,Utilities,0.1088,Y,764170,5
609498273494,COM-003,Fragrance,0.6612,N,764170,5
609498273494,COM-001,Active Chemicals,0.23,N,764170,5
662876130115,COM-001,Active Chemicals,0.6857,Y,481671,2
662876130115,COM-013,Utilities,0.1327,N,481671,2
662876130115,COM-008,Packaging,0.1816,N,481671,2
226871761241,COM-005,Ingredients,0.192,Y,601736,5
226871761241,COM-014,Warehousing,0.5182,N,601736,5
226871761241,COM-007,Overhead,0.2898,N,601736,5
508294061686,COM-003,Fragrance,0.1093,Y,574386,5
508294061686,COM-005,Ingredients,0.584,N,574386,5
508294061686,COM-002,Co-manufacturing,0.3067,N,574386,5
414300603536,COM-012,Resin,0.2074,Y,214677,2
414300603536,COM-002,Co-manufacturing,0.2487,N,214677,2
414300603536,COM-001,Active Chemicals,0.5439,N,214677,2
811838040927,COM-002,Co-manufacturing,0.2403,Y,405677,4
811838040927,COM-014,Warehousing,0.6815,N,405677,4
811838040927,COM-005,Ingredients,0.0782,N,405677,4
724076281621,COM-007,Overhead,0.3362,Y,927691,4
724076281621,COM-009,Pulp,0.5867,N,927691,4
724076281621,COM-006,Labor,0.0771,N,927691,4
293158449347,COM-006,Labor,0.1595,Y,826515,2
293158449347,COM-004,Freight,0.6939,N,826515,2
293158449347,COM-001,Active Chemicals,0.1466,N,826515,2
591227929210,COM-006,Labor,0.118,Y,270495,5
591227929210,COM-011,Raw Materials,0.7512,N,270495,5
591227929210,COM-013,Utilities,0.1308,N,270495,5
421675773769,COM-011,Raw Materials,0.1594,Y,701596,4
421675773769,COM-006,Labor,0.292,N,701596,4
421675773769,COM-002,Co-manufacturing,0.5486,N,701596,4
344129707432,COM-004,Freight,0.2222,Y,474754,1
344129707432,COM-010,Quality Testing,0.2334,N,474754,1
344129707432,COM-007,Overhead,0.5444,N,474754,1
531694840258,COM-005,Ingredients,0.4313,Y,614290,1
531694840258,COM-012,Resin,0.2456,N,614290,1
531694840258,COM-014,Warehousing,0.3231,N,614290,1
593824703747,COM-013,Utilities,0.371,Y,191853,2
593824703747,COM-012,Resin,0.5632,N,191853,2
593824703747,COM-006,Labor,0.0658,N,191853,2
620993410632,COM-002,Co-manufacturing,0.2695,Y,451709,4
620993410632,COM-007,Overhead,0.3157,N,451709,4
620993410632,COM-012,Resin,0.4148,N,451709,4
419467267579,COM-006,Labor,0.1155,Y,614416,4
419467267579,COM-007,Overhead,0.2316,N,614416,4
419467267579,COM-010,Quality Testing,0.6529,N,614416,4
637641310201,COM-003,Fragrance,0.5295,Y,776106,1
637641310201,COM-012,Resin,0.1607,N,776106,1
637641310201,COM-007,Overhead,0.3098,N,776106,1
387098291802,COM-012,Resin,0.1993,Y,709908,5
387098291802,COM-002,Co-manufacturing,0.487,N,709908,5
387098291802,COM-005,Ingredients,0.3137,N,709908,5
938305664729,COM-013,Utilities,0.2555,Y,727847,2
938305664729,COM-005,Ingredients,0.0627,N,727847,2
938305664729,COM-008,Packaging,0.6818,N,727847,2
667523876457,COM-004,Freight,0.7277,Y,491133,4
667523876457,COM-006,Labor,0.0939,N,491133,4
667523876457,COM-001,Active Chemicals,0.1784,N,491133,4
224882188492,COM-006,Labor,0.4118,Y,118223,2
224882188492,COM-013,Utilities,0.381,N,118223,2
224882188492,COM-007,Overhead,0.2072,N,118223,2
863889204697,COM-011,Raw Materials,0.1704,Y,821469,5
863889204697,COM-004,Freight,0.1261,N,821469,5
863889204697,COM-008,Packaging,0.7035,N,821469,5
148331320566,COM-005,Ingredients,0.3391,Y,416298,5
148331320566,COM-011,Raw Materials,0.4601,N,416298,5
148331320566,COM-008,Packaging,0.2008,N,416298,5
956848700337,COM-007,Overhead,0.0878,Y,742731,5
956848700337,COM-006,Labor,0.394,N,742731,5
956848700337,COM-001,Active Chemicals,0.5182,N,742731,5
866078125404,COM-008,Packaging,0.4926,Y,294118,5
866078125404,COM-010,Quality Testing,0.3129,N,294118,5
866078125404,COM-005,Ingredients,0.1945,N,294118,5
498410931765,COM-014,Warehousing,0.3131,Y,402274,3
498410931765,COM-009,Pulp,0.2281,N,402274,3
498410931765,COM-004,Freight,0.4588,N,402274,3
623137480925,COM-008,Packaging,0.2871,Y,485290,3
623137480925,COM-014,Warehousing,0.1674,N,485290,3
623137480925,COM-006,Labor,0.5455,N,485290,3
288883441811,COM-007,Overhead,0.3051,Y,481377,3
288883441811,COM-010,Quality Testing,0.0384,N,481377,3
288883441811,COM-013,Utilities,0.6565,N,481377,3
832188098639,COM-004,Freight,0.6832,Y,524089,4
832188098639,COM-002,Co-manufacturing,0.0404,N,524089,4
832188098639,COM-006,Labor,0.2764,N,524089,4
845168815335,COM-010,Quality Testing,0.3085,Y,287795,1
845168815335,COM-009,Pulp,0.3596,N,287795,1
845168815335,COM-014,Warehousing,0.3319,N,287795,1
385635918501,COM-012,Resin,0.2916,Y,460307,2
385635918501,COM-008,Packaging,0.5604,N,460307,2
385635918501,COM-014,Warehousing,0.148,N,460307,2
134514276098,COM-010,Quality Testing,0.0231,Y,683707,3
134514276098,COM-008,Packaging,0.6666,N,683707,3
134514276098,COM-003,Fragrance,0.3103,N,683707,3
654722131637,COM-006,Labor,0.0623,Y,510396,5
654722131637,COM-005,Ingredients,0.8216,N,510396,5
654722131637,COM-010,Quality Testing,0.1161,N,510396,5
568569550551,COM-007,Overhead,0.6788,Y,474725,1
568569550551,COM-003,Fragrance,0.0959,N,474725,1
568569550551,COM-008,Packaging,0.2253,N,474725,1
688495181896,COM-011,Raw Materials,0.2365,Y,139193,2
688495181896,COM-013,Utilities,0.6864,N,139193,2
688495181896,COM-009,Pulp,0.0771,N,139193,2
453863647393,COM-003,Fragrance,0.2253,Y,202472,1
453863647393,COM-007,Overhead,0.6884,N,202472,1
453863647393,COM-005,Ingredients,0.0863,N,202472,1
334229623603,COM-005,Ingredients,0.319,Y,378035,2
334229623603,COM-007,Overhead,0.4002,N,378035,2
334229623603,COM-008,Packaging,0.2808,N,378035,2
973370074029,COM-005,Ingredients,0.2091,Y,783185,4
973370074029,COM-004,Freight,0.4742,N,783185,4
973370074029,COM-012,Resin,0.3167,N,783185,4
120963291163,COM-007,Overhead,0.5872,Y,837496,2
120963291163,COM-002,Co-manufacturing,0.336,N,837496,2
120963291163,COM-001,Active Chemicals,0.0768,N,837496,2
500293735238,COM-002,Co-manufacturing,0.5344,Y,254920,5
500293735238,COM-004,Freight,0.3653,N,254920,5
500293735238,COM-012,Resin,0.1003,N,254920,5
760080015627,COM-012,Resin,0.3992,Y,525581,2
760080015627,COM-002,Co-manufacturing,0.284,N,525581,2
760080015627,COM-011,Raw Materials,0.3168,N,525581,2
968693199780,COM-010,Quality Testing,0.0467,Y,391265,2
968693199780,COM-011,Raw Materials,0.8486,N,391265,2
968693199780,COM-014,Warehousing,0.1047,N,391265,2
836000345811,COM-001,Active Chemicals,0.7771,Y,194693,3
836000345811,COM-002,Co-manufacturing,0.1639,N,194693,3
836000345811,COM-003,Fragrance,0.059,N,194693,3
235720199128,COM-012,Resin,0.4531,Y,945872,2
235720199128,COM-004,Freight,0.3176,N,945872,2
235720199128,COM-006,Labor,0.2293,N,945872,2
162661343522,COM-010,Quality Testing,0.1102,Y,659383,2
162661343522,COM-006,Labor,0.3948,N,659383,2
162661343522,COM-005,Ingredients,0.495,N,659383,2
769607861687,COM-002,Co-manufacturing,0.4074,Y,982348,5
769607861687,COM-013,Utilities,0.2683,N,982348,5
769607861687,COM-005,Ingredients,0.3243,N,982348,5
533623110714,COM-002,Co-manufacturing,0.6084,Y,415504,4
533623110714,COM-005,Ingredients,0.235,N,415504,4
533623110714,COM-014,Warehousing,0.1566,N,415504,4
909477173301,COM-012,Resin,0.1723,Y,982023,1
909477173301,COM-003,Fragrance,0.0652,N,982023,1
909477173301,COM-013,Utilities,0.7625,N,982023,1
937636093889,COM-005,Ingredients,0.1496,Y,772528,5
937636093889,COM-003,Fragrance,0.4179,N,772528,5
937636093889,COM-008,Packaging,0.4325,N,772528,5
595293047867,COM-004,Freight,0.4313,Y,870883,2
595293047867,COM-008,Packaging,0.1311,N,870883,2
595293047867,COM-012,Resin,0.4376,N,870883,2
122439001391,COM-004,Freight,0.48,Y,685661,2
122439001391,COM-007,Overhead,0.1025,N,685661,2
122439001391,COM-013,Utilities,0.4175,N,685661,2
264326126417,COM-014,Warehousing,0.3113,Y,485792,1
264326126417,COM-002,Co-manufacturing,0.55,N,485792,1
264326126417,COM-009,Pulp,0.1387,N,485792,1
962487038972,COM-004,Freight,0.581,Y,401950,2
962487038972,COM-007,Overhead,0.1573,N,401950,2
962487038972,COM-013,Utilities,0.2617,N,401950,2
417951159508,COM-006,Labor,0.6316,Y,346924,3
417951159508,COM-005,Ingredients,0.0652,N,346924,3
417951159508,COM-013,Utilities,0.3032,N,346924,3
381737811276,COM-010,Quality Testing,0.2995,Y,199907,5
381737811276,COM-003,Fragrance,0.3206,N,199907,5
381737811276,COM-013,Utilities,0.3799,N,199907,5
537990129966,COM-006,Labor,0.3693,Y,488918,1
537990129966,COM-008,Packaging,0.3756,N,488918,1
537990129966,COM-005,Ingredients,0.2551,N,488918,1
148590122982,COM-001,Active Chemicals,0.0958,Y,623460,3
148590122982,COM-005,Ingredients,0.3902,N,623460,3
148590122982,COM-012,Resin,0.514,N,623460,3
825518128326,COM-009,Pulp,0.2401,Y,936994,3
825518128326,COM-012,Resin,0.3702,N,936994,3
825518128326,COM-008,Packaging,0.3897,N,936994,3
643131942270,COM-013,Utilities,0.0631,Y,986925,1
643131942270,COM-001,Active Chemicals,0.8441,N,986925,1
643131942270,COM-007,Overhead,0.0928,N,986925,1
944072808986,COM-002,Co-manufacturing,0.3486,Y,289340,5
944072808986,COM-014,Warehousing,0.5417,N,289340,5
944072808986,COM-008,Packaging,0.1097,N,289340,5
130725231705,COM-002,Co-manufacturing,0.346,Y,582589,3
130725231705,COM-003,Fragrance,0.4018,N,582589,3
130725231705,COM-009,Pulp,0.2522,N,582589,3
155247361974,COM-007,Overhead,0.7063,Y,774909,5
155247361974,COM-006,Labor,0.1207,N,774909,5
155247361974,COM-004,Freight,0.173,N,774909,5
545729526467,COM-002,Co-manufacturing,0.381,Y,778604,1
545729526467,COM-003,Fragrance,0.2438,N,778604,1
545729526467,COM-006,Labor,0.3752,N,778604,1
591729186665,COM-002,Co-manufacturing,0.6333,Y,599583,5
591729186665,COM-012,Resin,0.0834,N,599583,5
591729186665,COM-008,Packaging,0.2833,N,599583,5
809632665258,COM-007,Overhead,0.2417,Y,848301,4
809632665258,COM-006,Labor,0.3874,N,848301,4
809632665258,COM-010,Quality Testing,0.3709,N,848301,4
153981449752,COM-014,Warehousing,0.4118,Y,180250,2
153981449752,COM-007,Overhead,0.2376,N,180250,2
153981449752,COM-005,Ingredients,0.3506,N,180250,2
829029965732,COM-013,Utilities,0.1657,Y,288274,4
829029965732,COM-009,Pulp,0.676,N,288274,4
829029965732,COM-002,Co-manufacturing,0.1583,N,288274,4
302769994674,COM-011,Raw Materials,0.2848,Y,883317,4
302769994674,COM-014,Warehousing,0.1749,N,883317,4
302769994674,COM-012,Resin,0.5403,N,883317,4
545352916630,COM-012,Resin,0.3959,Y,880399,1
545352916630,COM-010,Quality Testing,0.1717,N,880399,1
545352916630,COM-007,Overhead,0.4324,N,880399,1
993833858099,COM-014,Warehousing,0.3247,Y,829842,1
993833858099,COM-010,Quality Testing,0.4405,N,829842,1
993833858099,COM-001,Active Chemicals,0.2348,N,829842,1
123286793968,COM-004,Freight,0.4788,Y,274174,1
123286793968,COM-014,Warehousing,0.3772,N,274174,1
123286793968,COM-007,Overhead,0.144,N,274174,1
575509112887,COM-003,Fragrance,0.7085,Y,989838,3
575509112887,COM-013,Utilities,0.0281,N,989838,3
575509112887,COM-014,Warehousing,0.2634,N,989838,3
563938156792,COM-005,Ingredients,0.128,Y,431192,2
563938156792,COM-009,Pulp,0.5273,N,431192,2
563938156792,COM-013,Utilities,0.3447,N,431192,2
616221573816,COM-009,Pulp,0.3701,Y,559392,1
616221573816,COM-006,Labor,0.2837,N,559392,1
616221573816,COM-007,Overhead,0.3462,N,559392,1
279720893379,COM-008,Packaging,0.1437,Y,317273,3
279720893379,COM-010,Quality Testing,0.4298,N,317273,3
279720893379,COM-012,Resin,0.4265,N,317273,3
121471663470,COM-003,Fragrance,0.8558,Y,373477,2
121471663470,COM-004,Freight,0.0264,N,373477,2
121471663470,COM-008,Packaging,0.1178,N,373477,2
489918115519,COM-009,Pulp,0.0534,Y,148943,2
489918115519,COM-010,Quality Testing,0.6676,N,148943,2
489918115519,COM-014,Warehousing,0.279,N,148943,2
213848011227,COM-013,Utilities,0.5201,Y,760525,1
213848011227,COM-008,Packaging,0.1447,N,760525,1
213848011227,COM-006,Labor,0.3352,N,760525,1
943599221967,COM-005,Ingredients,0.4206,Y,106907,3
943599221967,COM-002,Co-manufacturing,0.43,N,106907,3
943599221967,COM-010,Quality Testing,0.1494,N,106907,3
981060976806,COM-009,Pulp,0.0722,Y,533491,1
981060976806,COM-006,Labor,0.3758,N,533491,1
981060976806,COM-011,Raw Materials,0.552,N,533491,1
283705941679,COM-001,Active Chemicals,0.3022,Y,164454,1
283705941679,COM-007,Overhead,0.5673,N,164454,1
283705941679,COM-012,Resin,0.1305,N,164454,1
446787245177,COM-001,Active Chemicals,0.3039,Y,108286,5
446787245177,COM-003,Fragrance,0.4339,N,108286,5
446787245177,COM-010,Quality Testing,0.2622,N,108286,5
434496239251,COM-008,Packaging,0.4964,Y,138766,5
434496239251,COM-001,Active Chemicals,0.3834,N,138766,5
434496239251,COM-010,Quality Testing,0.1202,N,138766,5
696126852211,COM-002,Co-manufacturing,0.2142,Y,371256,4
696126852211,COM-001,Active Chemicals,0.1484,N,371256,4
696126852211,COM-005,Ingredients,0.6374,N,371256,4
728344958445,COM-002,Co-manufacturing,0.5278,Y,105466,1
728344958445,COM-001,Active Chemicals,0.2559,N,105466,1
728344958445,COM-003,Fragrance,0.2163,N,105466,1
672852712306,COM-014,Warehousing,0.1275,Y,359662,3
672852712306,COM-012,Resin,0.1206,N,359662,3
672852712306,COM-008,Packaging,0.7519,N,359662,3
590548763718,COM-012,Resin,0.187,Y,487233,1
590548763718,COM-009,Pulp,0.4832,N,487233,1
590548763718,COM-013,Utilities,0.3298,N,487233,1
239611287329,COM-011,Raw Materials,0.2752,Y,845695,5
239611287329,COM-013,Utilities,0.4117,N,845695,5
239611287329,COM-006,Labor,0.3131,N,845695,5
504246043175,COM-006,Labor,0.3719,Y,403657,3
504246043175,COM-010,Quality Testing,0.4823,N,403657,3
504246043175,COM-003,Fragrance,0.1458,N,403657,3
915266934332,COM-005,Ingredients,0.2491,Y,102187,1
915266934332,COM-010,Quality Testing,0.2945,N,102187,1
915266934332,COM-012,Resin,0.4564,N,102187,1
797952646215,COM-012,Resin,0.304,Y,898678,5
797952646215,COM-005,Ingredients,0.5515,N,898678,5
797952646215,COM-001,Active Chemicals,0.1445,N,898678,5
284107868723,COM-004,Freight,0.536,Y,126008,5
284107868723,COM-003,Fragrance,0.4346,N,126008,5
284107868723,COM-001,Active Chemicals,0.0294,N,126008,5
121031871938,COM-009,Pulp,0.4045,Y,790229,5
121031871938,COM-008,Packaging,0.2618,N,790229,5
121031871938,COM-001,Active Chemicals,0.3337,N,790229,5
473762069659,COM-006,Labor,0.2411,Y,289276,3
473762069659,COM-007,Overhead,0.1348,N,289276,3
473762069659,COM-014,Warehousing,0.6241,N,289276,3
550766115149,COM-005,Ingredients,0.3512,Y,277409,2
550766115149,COM-007,Overhead,0.429,N,277409,2
550766115149,COM-012,Resin,0.2198,N,277409,2
926818232569,COM-008,Packaging,0.5771,Y,503752,1
926818232569,COM-009,Pulp,0.1999,N,503752,1
926818232569,COM-011,Raw Materials,0.223,N,503752,1
841251967484,COM-001,Active Chemicals,0.423,Y,358281,5
841251967484,COM-004,Freight,0.4026,N,358281,5
841251967484,COM-006,Labor,0.1744,N,358281,5
567947908034,COM-011,Raw Materials,0.4855,Y,573685,4
567947908034,COM-009,Pulp,0.2282,N,573685,4
567947908034,COM-007,Overhead,0.2863,N,573685,4
795107981187,COM-013,Utilities,0.1371,Y,713583,2
795107981187,COM-008,Packaging,0.7515,N,713583,2
795107981187,COM-006,Labor,0.1114,N,713583,2
451337157655,COM-003,Fragrance,0.3816,Y,459279,2
451337157655,COM-005,Ingredients,0.5295,N,459279,2
451337157655,COM-011,Raw Materials,0.0889,N,459279,2
291867813049,COM-008,Packaging,0.0867,Y,682788,5
291867813049,COM-001,Active Chemicals,0.2903,N,682788,5
291867813049,COM-011,Raw Materials,0.623,N,682788,5
760683939283,COM-009,Pulp,0.3698,Y,505537,5
760683939283,COM-011,Raw Materials,0.4153,N,505537,5
760683939283,COM-004,Freight,0.2149,N,505537,5
993739600829,COM-013,Utilities,0.3452,Y,755608,5
993739600829,COM-003,Fragrance,0.5694,N,755608,5
993739600829,COM-004,Freight,0.0854,N,755608,5
408678939792,COM-006,Labor,0.6019,Y,624629,2
408678939792,COM-013,Utilities,0.1669,N,624629,2
408678939792,COM-008,Packaging,0.2312,N,624629,2
124386732896,COM-002,Co-manufacturing,0.3239,Y,810656,2
124386732896,COM-011,Raw Materials,0.3635,N,810656,2
124386732896,COM-005,Ingredients,0.3126,N,810656,2
497265468439,COM-005,Ingredients,0.6249,Y,895891,3
497265468439,COM-008,Packaging,0.2239,N,895891,3
497265468439,COM-003,Fragrance,0.1512,N,895891,3
374521404154,COM-010,Quality Testing,0.3858,Y,272471,5
374521404154,COM-002,Co-manufacturing,0.1081,N,272471,5
374521404154,COM-005,Ingredients,0.5061,N,272471,5
477780180827,COM-009,Pulp,0.2401,Y,961545,2
477780180827,COM-003,Fragrance,0.1753,N,961545,2
477780180827,COM-008,Packaging,0.5846,N,961545,2
959272753267,COM-007,Overhead,0.2433,Y,165014,1
959272753267,COM-012,Resin,0.4467,N,165014,1
959272753267,COM-010,Quality Testing,0.31,N,165014,1
824936684282,COM-010,Quality Testing,0.4177,Y,111121,4
824936684282,COM-011,Raw Materials,0.4948,N,111121,4
824936684282,COM-009,Pulp,0.0875,N,111121,4
113325950616,COM-012,Resin,0.2687,Y,847948,3
113325950616,COM-009,Pulp,0.1623,N,847948,3
113325950616,COM-013,Utilities,0.569,N,847948,3
150667839076,COM-006,Labor,0.3205,Y,233882,3
150667839076,COM-009,Pulp,0.1341,N,233882,3
150667839076,COM-007,Overhead,0.5454,N,233882,3
824073245972,COM-004,Freight,0.3421,Y,251624,3
824073245972,COM-010,Quality Testing,0.1456,N,251624,3
824073245972,COM-008,Packaging,0.5123,N,251624,3
862785170856,COM-009,Pulp,0.4214,Y,993395,2
862785170856,COM-004,Freight,0.25,N,993395,2
862785170856,COM-011,Raw Materials,0.3286,N,993395,2
629307556359,COM-008,Packaging,0.2308,Y,905671,5
629307556359,COM-005,Ingredients,0.6456,N,905671,5
629307556359,COM-011,Raw Materials,0.1236,N,905671,5
792324691102,COM-014,Warehousing,0.6482,Y,902719,1
792324691102,COM-001,Active Chemicals,0.1946,N,902719,1
792324691102,COM-004,Freight,0.1572,N,902719,1
253233491183,COM-002,Co-manufacturing,0.1391,Y,786680,2
253233491183,COM-006,Labor,0.6975,N,786680,2
253233491183,COM-001,Active Chemicals,0.1634,N,786680,2
245703138281,COM-002,Co-manufacturing,0.3606,Y,298853,3
245703138281,COM-004,Freight,0.2726,N,298853,3
245703138281,COM-011,Raw Materials,0.3668,N,298853,3
156896169018,COM-010,Quality Testing,0.209,Y,934259,4
156896169018,COM-009,Pulp,0.1891,N,934259,4
156896169018,COM-002,Co-manufacturing,0.6019,N,934259,4
661571854177,COM-009,Pulp,0.1821,Y,622807,1
661571854177,COM-013,Utilities,0.567,N,622807,1
661571854177,COM-014,Warehousing,0.2509,N,622807,1
341408084064,COM-007,Overhead,0.4367,Y,574040,2
341408084064,COM-001,Active Chemicals,0.1411,N,574040,2
341408084064,COM-008,Packaging,0.4222,N,574040,2
488775374686,COM-005,Ingredients,0.3932,Y,712328,5
488775374686,COM-007,Overhead,0.3254,N,712328,5
488775374686,COM-012,Resin,0.2814,N,712328,5
184376156631,COM-008,Packaging,0.3486,Y,186422,2
184376156631,COM-014,Warehousing,0.1405,N,186422,2
184376156631,COM-005,Ingredients,0.5109,N,186422,2
376291987525,COM-007,Overhead,0.5778,Y,881410,4
376291987525,COM-011,Raw Materials,0.1733,N,881410,4
376291987525,COM-014,Warehousing,0.2489,N,881410,4
820514290727,COM-009,Pulp,0.1126,Y,594932,3
820514290727,COM-004,Freight,0.7666,N,594932,3
820514290727,COM-001,Active Chemicals,0.1208,N,594932,3
193595561788,COM-005,Ingredients,0.4387,Y,986887,4
193595561788,COM-006,Labor,0.2624,N,986887,4
193595561788,COM-003,Fragrance,0.2989,N,986887,4
825035153162,COM-010,Quality Testing,0.4492,Y,456329,2
825035153162,COM-011,Raw Materials,0.4015,N,456329,2
825035153162,COM-006,Labor,0.1493,N,456329,2
170397246222,COM-008,Packaging,0.437,Y,505205,3
170397246222,COM-002,Co-manufacturing,0.4411,N,505205,3
170397246222,COM-001,Active Chemicals,0.1219,N,505205,3
315550201294,COM-006,Labor,0.2352,Y,504639,1
315550201294,COM-005,Ingredients,0.3404,N,504639,1
315550201294,COM-012,Resin,0.4244,N,504639,1
918097859237,COM-009,Pulp,0.4208,Y,507888,2
918097859237,COM-006,Labor,0.196,N,507888,2
918097859237,COM-003,Fragrance,0.3832,N,507888,2
320226342085,COM-009,Pulp,0.1771,Y,249623,2
320226342085,COM-014,Warehousing,0.4292,N,249623,2
320226342085,COM-003,Fragrance,0.3937,N,249623,2
479916944069,COM-013,Utilities,0.5182,Y,983571,5
479916944069,COM-012,Resin,0.133,N,983571,5
479916944069,COM-009,Pulp,0.3488,N,983571,5
362180542522,COM-008,Packaging,0.36,Y,387075,5
362180542522,COM-005,Ingredients,0.1886,N,387075,5
362180542522,COM-014,Warehousing,0.4514,N,387075,5
375585885523,COM-012,Resin,0.5834,Y,630647,4
375585885523,COM-011,Raw Materials,0.2474,N,630647,4
375585885523,COM-010,Quality Testing,0.1692,N,630647,4
923217651091,COM-006,Labor,0.3078,Y,608306,1
923217651091,COM-011,Raw Materials,0.4603,N,608306,1
923217651091,COM-003,Fragrance,0.2319,N,608306,1
834772633940,COM-013,Utilities,0.4745,Y,111755,2
834772633940,COM-011,Raw Materials,0.2763,N,111755,2
834772633940,COM-002,Co-manufacturing,0.2492,N,111755,2
437972465635,COM-004,Freight,0.2136,Y,154961,5
437972465635,COM-008,Packaging,0.2004,N,154961,5
437972465635,COM-011,Raw Materials,0.586,N,154961,5
171592592792,COM-001,Active Chemicals,0.7482,Y,201295,1
171592592792,COM-008,Packaging,0.0962,N,201295,1
171592592792,COM-005,Ingredients,0.1556,N,201295,1
536118292069,COM-004,Freight,0.2968,Y,226672,4
536118292069,COM-008,Packaging,0.5555,N,226672,4
536118292069,COM-002,Co-manufacturing,0.1477,N,226672,4
551910277804,COM-006,Labor,0.2951,Y,904829,5
551910277804,COM-007,Overhead,0.5483,N,904829,5
551910277804,COM-008,Packaging,0.1566,N,904829,5
863522376703,COM-003,Fragrance,0.368,Y,448176,3
863522376703,COM-009,Pulp,0.4698,N,448176,3
863522376703,COM-012,Resin,0.1622,N,448176,3
875617271486,COM-003,Fragrance,0.1524,Y,343904,5
875617271486,COM-008,Packaging,0.7833,N,343904,5
875617271486,COM-011,Raw Materials,0.0643,N,343904,5
512968280610,COM-005,Ingredients,0.2022,Y,773226,3
512968280610,COM-002,Co-manufacturing,0.4573,N,773226,3
512968280610,COM-011,Raw Materials,0.3405,N,773226,3
463924918976,COM-006,Labor,0.5074,Y,354016,3
463924918976,COM-009,Pulp,0.1647,N,354016,3
463924918976,COM-002,Co-manufacturing,0.3279,N,354016,3
796008499200,COM-007,Overhead,0.422,Y,314140,1
796008499200,COM-006,Labor,0.4543,N,314140,1
796008499200,COM-013,Utilities,0.1237,N,314140,1
431781797344,COM-012,Resin,0.2337,Y,704422,2
431781797344,COM-006,Labor,0.2433,N,704422,2
431781797344,COM-009,Pulp,0.523,N,704422,2
631689285641,COM-007,Overhead,0.6249,Y,898940,3
631689285641,COM-012,Resin,0.242,N,898940,3
631689285641,COM-009,Pulp,0.1331,N,898940,3
247460117804,COM-012,Resin,0.6778,Y,592053,3
247460117804,COM-014,Warehousing,0.1637,N,592053,3
247460117804,COM-013,Utilities,0.1585,N,592053,3
237102241999,COM-005,Ingredients,0.2675,Y,693083,3
237102241999,COM-013,Utilities,0.128,N,693083,3
237102241999,COM-011,Raw Materials,0.6045,N,693083,3
136411554031,COM-006,Labor,0.3408,Y,761601,3
136411554031,COM-007,Overhead,0.3661,N,761601,3
136411554031,COM-004,Freight,0.2931,N,761601,3
946609911597,COM-006,Labor,0.3779,Y,775699,4
946609911597,COM-012,Resin,0.4003,N,775699,4
946609911597,COM-007,Overhead,0.2218,N,775699,4
554123786194,COM-013,Utilities,0.2588,Y,862998,4
554123786194,COM-012,Resin,0.415,N,862998,4
554123786194,COM-014,Warehousing,0.3262,N,862998,4
173430500375,COM-006,Labor,0.3505,Y,830140,1
173430500375,COM-004,Freight,0.6223,N,830140,1
173430500375,COM-009,Pulp,0.0272,N,830140,1
319840641437,COM-014,Warehousing,0.4747,Y,886343,4
319840641437,COM-002,Co-manufacturing,0.4362,N,886343,4
319840641437,COM-006,Labor,0.0891,N,886343,4
169908161357,COM-011,Raw Materials,0.2101,Y,131107,2
169908161357,COM-007,Overhead,0.5797,N,131107,2
169908161357,COM-014,Warehousing,0.2102,N,131107,2
763038435926,COM-005,Ingredients,0.7146,Y,898347,1
763038435926,COM-004,Freight,0.0888,N,898347,1
763038435926,COM-014,Warehousing,0.1966,N,898347,1
464527091896,COM-007,Overhead,0.4697,Y,205043,3
464527091896,COM-013,Utilities,0.1892,N,205043,3
464527091896,COM-004,Freight,0.3411,N,205043,3
308994089661,COM-009,Pulp,0.4996,Y,769068,3
308994089661,COM-004,Freight,0.1392,N,769068,3
308994089661,COM-003,Fragrance,0.3612,N,769068,3
623688989520,COM-003,Fragrance,0.1088,Y,998734,3
623688989520,COM-010,Quality Testing,0.5162,N,998734,3
623688989520,COM-013,Utilities,0.375,N,998734,3
614858284515,COM-006,Labor,0.6551,Y,567965,1
614858284515,COM-010,Quality Testing,0.128,N,567965,1
614858284515,COM-002,Co-manufacturing,0.2169,N,567965,1
943460666223,COM-002,Co-manufacturing,0.7053,Y,331081,1
943460666223,COM-013,Utilities,0.1455,N,331081,1
943460666223,COM-009,Pulp,0.1492,N,331081,1
171299375231,COM-010,Quality Testing,0.1526,Y,459898,5
171299375231,COM-004,Freight,0.3192,N,459898,5
171299375231,COM-014,Warehousing,0.5282,N,459898,5
913210129380,COM-003,Fragrance,0.7469,Y,297296,1
913210129380,COM-001,Active Chemicals,0.2102,N,297296,1
913210129380,COM-004,Freight,0.0429,N,297296,1
975889539105,COM-014,Warehousing,0.4408,Y,644998,3
975889539105,COM-009,Pulp,0.2677,N,644998,3
975889539105,COM-005,Ingredients,0.2915,N,644998,3
757763183380,COM-008,Packaging,0.2939,Y,252956,2
757763183380,COM-007,Overhead,0.4004,N,252956,2
757763183380,COM-013,Utilities,0.3057,N,252956,2
874346075228,COM-013,Utilities,0.3833,Y,161669,4
874346075228,COM-014,Warehousing,0.5126,N,161669,4
874346075228,COM-011,Raw Materials,0.1041,N,161669,4
997581118439,COM-008,Packaging,0.7535,Y,989735,4
997581118439,COM-001,Active Chemicals,0.0825,N,989735,4
997581118439,COM-013,Utilities,0.164,N,989735,4
704972996704,COM-002,Co-manufacturing,0.1398,Y,202046,2
704972996704,COM-006,Labor,0.2739,N,202046,2
704972996704,COM-003,Fragrance,0.5863,N,202046,2
262767312308,COM-010,Quality Testing,0.3818,Y,328732,3
262767312308,COM-006,Labor,0.3641,N,328732,3
262767312308,COM-012,Resin,0.2541,N,328732,3
295308809199,COM-008,Packaging,0.3667,Y,223047,5
295308809199,COM-004,Freight,0.3757,N,223047,5
295308809199,COM-012,Resin,0.2576,N,223047,5
515517471068,COM-002,Co-manufacturing,0.2304,Y,825399,2
515517471068,COM-014,Warehousing,0.2484,N,825399,2
515517471068,COM-009,Pulp,0.5212,N,825399,2
637395119474,COM-010,Quality Testing,0.3044,Y,801279,1
637395119474,COM-003,Fragrance,0.1852,N,801279,1
637395119474,COM-006,Labor,0.5104,N,801279,1
239893197000,COM-001,Active Chemicals,0.2725,Y,441027,4
239893197000,COM-014,Warehousing,0.0545,N,441027,4
239893197000,COM-010,Quality Testing,0.673,N,441027,4
825702074238,COM-008,Packaging,0.0686,Y,289440,1
825702074238,COM-011,Raw Materials,0.42,N,289440,1
825702074238,COM-006,Labor,0.5114,N,289440,1
381588777069,COM-011,Raw Materials,0.1148,Y,136705,2
381588777069,COM-004,Freight,0.6817,N,136705,2
381588777069,COM-007,Overhead,0.2035,N,136705,2
862315647275,COM-008,Packaging,0.4103,Y,648055,4
862315647275,COM-002,Co-manufacturing,0.2398,N,648055,4
862315647275,COM-011,Raw Materials,0.3499,N,648055,4
250140988242,COM-006,Labor,0.7079,Y,678888,1
250140988242,COM-012,Resin,0.2004,N,678888,1
250140988242,COM-009,Pulp,0.0917,N,678888,1
325639990935,COM-003,Fragrance,0.3081,Y,760150,2
325639990935,COM-006,Labor,0.0118,N,760150,2
325639990935,COM-012,Resin,0.6801,N,760150,2
765565388088,COM-010,Quality Testing,0.5138,Y,181290,3
765565388088,COM-007,Overhead,0.2856,N,181290,3
765565388088,COM-006,Labor,0.2006,N,181290,3
959444442469,COM-014,Warehousing,0.395,Y,284267,2
959444442469,COM-007,Overhead,0.5009,N,284267,2
959444442469,COM-001,Active Chemicals,0.1041,N,284267,2
528431031880,COM-003,Fragrance,0.4684,Y,461940,4
528431031880,COM-006,Labor,0.434,N,461940,4
528431031880,COM-007,Overhead,0.0976,N,461940,4
512929624002,COM-012,Resin,0.2483,Y,871146,5
512929624002,COM-013,Utilities,0.3606,N,871146,5
512929624002,COM-009,Pulp,0.3911,N,871146,5
401879591786,COM-014,Warehousing,0.2518,Y,645883,3
401879591786,COM-008,Packaging,0.2811,N,645883,3
401879591786,COM-002,Co-manufacturing,0.4671,N,645883,3
732069347976,COM-013,Utilities,0.7066,Y,188693,1
732069347976,COM-006,Labor,0.2359,N,188693,1
732069347976,COM-009,Pulp,0.0575,N,188693,1
774369566639,COM-002,Co-manufacturing,0.3657,Y,971783,4
774369566639,COM-003,Fragrance,0.1061,N,971783,4
774369566639,COM-011,Raw Materials,0.5282,N,971783,4
499754606686,COM-014,Warehousing,0.0838,Y,638637,3
499754606686,COM-010,Quality Testing,0.2645,N,638637,3
499754606686,COM-008,Packaging,0.6517,N,638637,3
100915111272,COM-003,Fragrance,0.4429,Y,761836,2
100915111272,COM-009,Pulp,0.2131,N,761836,2
100915111272,COM-011,Raw Materials,0.344,N,761836,2
487828462915,COM-001,Active Chemicals,0.0684,Y,105404,1
487828462915,COM-014,Warehousing,0.4084,N,105404,1
487828462915,COM-006,Labor,0.5232,N,105404,1
824859258020,COM-002,Co-manufacturing,0.3452,Y,337078,1
824859258020,COM-009,Pulp,0.477,N,337078,1
824859258020,COM-006,Labor,0.1778,N,337078,1
881127910027,COM-002,Co-manufacturing,0.5523,Y,216041,3
881127910027,COM-007,Overhead,0.321,N,216041,3
881127910027,COM-008,Packaging,0.1267,N,216041,3
926029102858,COM-006,Labor,0.4909,Y,918243,4
926029102858,COM-008,Packaging,0.2829,N,918243,4
926029102858,COM-010,Quality Testing,0.2262,N,918243,4
854915170048,COM-010,Quality Testing,0.5695,Y,154567,1
854915170048,COM-012,Resin,0.2838,N,154567,1
854915170048,COM-004,Freight,0.1467,N,154567,1
943021072113,COM-004,Freight,0.5134,Y,376331,1
943021072113,COM-003,Fragrance,0.2694,N,376331,1
943021072113,COM-002,Co-manufacturing,0.2172,N,376331,1
400812493280,COM-002,Co-manufacturing,0.2475,Y,253311,2
400812493280,COM-004,Freight,0.452,N,253311,2
400812493280,COM-010,Quality Testing,0.3005,N,253311,2
158599989013,COM-011,Raw Materials,0.6295,Y,215400,3
158599989013,COM-014,Warehousing,0.1746,N,215400,3
158599989013,COM-010,Quality Testing,0.1959,N,215400,3
572879170760,COM-005,Ingredients,0.3863,Y,364516,2
572879170760,COM-014,Warehousing,0.1587,N,364516,2
572879170760,COM-013,Utilities,0.455,N,364516,2
403440506081,COM-014,Warehousing,0.4039,Y,712711,5
403440506081,COM-004,Freight,0.4229,N,712711,5
403440506081,COM-010,Quality Testing,0.1732,N,712711,5
622806400172,COM-013,Utilities,0.5067,Y,311811,1
622806400172,COM-007,Overhead,0.3131,N,311811,1
622806400172,COM-001,Active Chemicals,0.1802,N,311811,1
628571783199,COM-013,Utilities,0.2681,Y,649205,3
628571783199,COM-006,Labor,0.4248,N,649205,3
628571783199,COM-007,Overhead,0.3071,N,649205,3
853745396836,COM-007,Overhead,0.4542,Y,638430,4
853745396836,COM-004,Freight,0.459,N,638430,4
853745396836,COM-006,Labor,0.0868,N,638430,4
666036518242,COM-006,Labor,0.3666,Y,628291,2
666036518242,COM-004,Freight,0.6014,N,628291,2
666036518242,COM-011,Raw Materials,0.032,N,628291,2
250011387721,COM-002,Co-manufacturing,0.1385,Y,929026,2
250011387721,COM-003,Fragrance,0.6417,N,929026,2
250011387721,COM-005,Ingredients,0.2198,N,929026,2
547250456236,COM-004,Freight,0.3525,Y,409220,1
547250456236,COM-013,Utilities,0.4074,N,409220,1
547250456236,COM-007,Overhead,0.2401,N,409220,1
519567260804,COM-002,Co-manufacturing,0.3944,Y,369845,2
519567260804,COM-010,Quality Testing,0.4691,N,369845,2
519567260804,COM-012,Resin,0.1365,N,369845,2
200841566728,COM-006,Labor,0.4337,Y,290330,3
200841566728,COM-012,Resin,0.5219,N,290330,3
200841566728,COM-002,Co-manufacturing,0.0444,N,290330,3
368119325065,COM-008,Packaging,0.224,Y,776456,2
368119325065,COM-011,Raw Materials,0.2956,N,776456,2
368119325065,COM-002,Co-manufacturing,0.4804,N,776456,2
759824591653,COM-009,Pulp,0.4779,Y,930892,1
759824591653,COM-010,Quality Testing,0.2753,N,930892,1
759824591653,COM-003,Fragrance,0.2468,N,930892,1
161176693233,COM-014,Warehousing,0.5619,Y,825657,2
161176693233,COM-012,Resin,0.2663,N,825657,2
161176693233,COM-006,Labor,0.1718,N,825657,2
487180033941,COM-008,Packaging,0.6002,Y,400780,2
487180033941,COM-007,Overhead,0.3016,N,400780,2
487180033941,COM-005,Ingredients,0.0982,N,400780,2
194145140264,COM-003,Fragrance,0.4491,Y,733870,4
194145140264,COM-007,Overhead,0.2467,N,733870,4
194145140264,COM-005,Ingredients,0.3042,N,733870,4
391769505801,COM-012,Resin,0.6851,Y,845859,2
391769505801,COM-009,Pulp,0.1531,N,845859,2
391769505801,COM-013,Utilities,0.1618,N,845859,2
199405591383,COM-013,Utilities,0.3412,Y,233730,1
199405591383,COM-012,Resin,0.4612,N,233730,1
199405591383,COM-003,Fragrance,0.1976,N,233730,1
703093550858,COM-003,Fragrance,0.1945,Y,664917,1
703093550858,COM-010,Quality Testing,0.4936,N,664917,1
703093550858,COM-013,Utilities,0.3119,N,664917,1
323350609219,COM-007,Overhead,0.5014,Y,480002,5
323350609219,COM-009,Pulp,0.4082,N,480002,5
323350609219,COM-006,Labor,0.0904,N,480002,5
920578694734,COM-005,Ingredients,0.3771,Y,222930,3
920578694734,COM-011,Raw Materials,0.1422,N,222930,3
920578694734,COM-013,Utilities,0.4807,N,222930,3
756431794367,COM-010,Quality Testing,0.1695,Y,131652,5
756431794367,COM-006,Labor,0.3733,N,131652,5
756431794367,COM-009,Pulp,0.4572,N,131652,5
892041458051,COM-006,Labor,0.6447,Y,565540,5
892041458051,COM-011,Raw Materials,0.2791,N,565540,5
892041458051,COM-012,Resin,0.0762,N,565540,5
352154750327,COM-006,Labor,0.3833,Y,264417,5
352154750327,COM-013,Utilities,0.2082,N,264417,5
352154750327,COM-001,Active Chemicals,0.4085,N,264417,5
818604677761,COM-004,Freight,0.5073,Y,524778,1
818604677761,COM-007,Overhead,0.1931,N,524778,1
818604677761,COM-008,Packaging,0.2996,N,524778,1
410266418472,COM-004,Freight,0.4871,Y,667875,1
410266418472,COM-007,Overhead,0.3279,N,667875,1
410266418472,COM-008,Packaging,0.185,N,667875,1
200135359873,COM-013,Utilities,0.217,Y,108890,4
200135359873,COM-002,Co-manufacturing,0.58,N,108890,4
200135359873,COM-008,Packaging,0.203,N,108890,4
953871686358,COM-002,Co-manufacturing,0.1161,Y,124835,3
953871686358,COM-008,Packaging,0.5759,N,124835,3
953871686358,COM-013,Utilities,0.308,N,124835,3
669090124205,COM-011,Raw Materials,0.4287,Y,738309,2
669090124205,COM-013,Utilities,0.4112,N,738309,2
669090124205,COM-002,Co-manufacturing,0.1601,N,738309,2
205216059384,COM-007,Overhead,0.0993,Y,115667,2
205216059384,COM-006,Labor,0.8168,N,115667,2
205216059384,COM-008,Packaging,0.0839,N,115667,2
293579046190,COM-003,Fragrance,0.4874,Y,909438,4
293579046190,COM-009,Pulp,0.2002,N,909438,4
293579046190,COM-011,Raw Materials,0.3124,N,909438,4
851263396300,COM-007,Overhead,0.7898,Y,562241,2
851263396300,COM-002,Co-manufacturing,0.154,N,562241,2
851263396300,COM-011,Raw Materials,0.0562,N,562241,2
267537839249,COM-005,Ingredients,0.2632,Y,404779,5
267537839249,COM-009,Pulp,0.6427,N,404779,5
267537839249,COM-010,Quality Testing,0.0941,N,404779,5
219107080099,COM-013,Utilities,0.0687,Y,905533,3
219107080099,COM-009,Pulp,0.8302,N,905533,3
219107080099,COM-008,Packaging,0.1011,N,905533,3
334677942418,COM-011,Raw Materials,0.6577,Y,695807,3
334677942418,COM-004,Freight,0.1644,N,695807,3
334677942418,COM-014,Warehousing,0.1779,N,695807,3
173623203651,COM-008,Packaging,0.3832,Y,524745,2
173623203651,COM-012,Resin,0.2259,N,524745,2
173623203651,COM-005,Ingredients,0.3909,N,524745,2
690452774014,COM-014,Warehousing,0.3979,Y,921934,2
690452774014,COM-011,Raw Materials,0.1913,N,921934,2
690452774014,COM-001,Active Chemicals,0.4108,N,921934,2
919197823761,COM-014,Warehousing,0.4387,Y,868738,2
919197823761,COM-005,Ingredients,0.409,N,868738,2
919197823761,COM-008,Packaging,0.1523,N,868738,2
241120887514,COM-003,Fragrance,0.4393,Y,571155,2
241120887514,COM-012,Resin,0.2097,N,571155,2
241120887514,COM-004,Freight,0.351,N,571155,2
430782022769,COM-012,Resin,0.2918,Y,626474,2
430782022769,COM-014,Warehousing,0.5039,N,626474,2
430782022769,COM-005,Ingredients,0.2043,N,626474,2
297252166373,COM-007,Overhead,0.2849,Y,549192,4
297252166373,COM-002,Co-manufacturing,0.2991,N,549192,4
297252166373,COM-013,Utilities,0.416,N,549192,4
813349563161,COM-001,Active Chemicals,0.6454,Y,746195,5
813349563161,COM-003,Fragrance,0.0807,N,746195,5
813349563161,COM-011,Raw Materials,0.2739,N,746195,5
226190776999,COM-011,Raw Materials,0.5398,Y,997940,3
226190776999,COM-005,Ingredients,0.3536,N,997940,3
226190776999,COM-004,Freight,0.1066,N,997940,3
840515568813,COM-014,Warehousing,0.1774,Y,104359,2
840515568813,COM-001,Active Chemicals,0.1337,N,104359,2
840515568813,COM-013,Utilities,0.6889,N,104359,2
576710571196,COM-013,Utilities,0.4674,Y,682735,3
576710571196,COM-006,Labor,0.3733,N,682735,3
576710571196,COM-012,Resin,0.1593,N,682735,3
877816764511,COM-005,Ingredients,0.0832,Y,232466,4
877816764511,COM-004,Freight,0.4371,N,232466,4
877816764511,COM-008,Packaging,0.4797,N,232466,4
751847324943,COM-009,Pulp,0.4855,Y,129169,1
751847324943,COM-002,Co-manufacturing,0.2039,N,129169,1
751847324943,COM-010,Quality Testing,0.3106,N,129169,1
689243008395,COM-002,Co-manufacturing,0.2637,Y,861593,2
689243008395,COM-003,Fragrance,0.5322,N,861593,2
689243008395,COM-008,Packaging,0.2041,N,861593,2
409846823668,COM-012,Resin,0.5724,Y,289401,3
409846823668,COM-008,Packaging,0.2843,N,289401,3
409846823668,COM-009,Pulp,0.1433,N,289401,3
447418674161,COM-008,Packaging,0.3328,Y,572780,2
447418674161,COM-005,Ingredients,0.2149,N,572780,2
447418674161,COM-010,Quality Testing,0.4523,N,572780,2
913989711926,COM-008,Packaging,0.1392,Y,227500,4
913989711926,COM-004,Freight,0.5606,N,227500,4
913989711926,COM-011,Raw Materials,0.3002,N,227500,4
401797003309,COM-007,Overhead,0.1819,Y,308915,1
401797003309,COM-006,Labor,0.4039,N,308915,1
401797003309,COM-004,Freight,0.4142,N,308915,1
326748930891,COM-012,Resin,0.413,Y,611528,3
326748930891,COM-014,Warehousing,0.381,N,611528,3
326748930891,COM-004,Freight,0.206,N,611528,3
377074167726,COM-010,Quality Testing,0.2029,Y,529715,3
377074167726,COM-005,Ingredients,0.1963,N,529715,3
377074167726,COM-012,Resin,0.6008,N,529715,3
510843491681,COM-004,Freight,0.1104,Y,252085,3
510843491681,COM-001,Active Chemicals,0.2196,N,252085,3
510843491681,COM-008,Packaging,0.67,N,252085,3
714622362180,COM-010,Quality Testing,0.4357,Y,851058,2
714622362180,COM-012,Resin,0.2673,N,851058,2
714622362180,COM-005,Ingredients,0.297,N,851058,2
560740106071,COM-010,Quality Testing,0.2834,Y,230120,2
560740106071,COM-003,Fragrance,0.2166,N,230120,2
560740106071,COM-011,Raw Materials,0.5,N,230120,2
687963110768,COM-012,Resin,0.148,Y,141020,2
687963110768,COM-008,Packaging,0.7452,N,141020,2
687963110768,COM-001,Active Chemicals,0.1068,N,141020,2
865785985103,COM-011,Raw Materials,0.5463,Y,617300,4
865785985103,COM-014,Warehousing,0.1871,N,617300,4
865785985103,COM-006,Labor,0.2666,N,617300,4
195220247246,COM-013,Utilities,0.4326,Y,859282,3
195220247246,COM-011,Raw Materials,0.3867,N,859282,3
195220247246,COM-007,Overhead,0.1807,N,859282,3
857328701251,COM-009,Pulp,0.1972,Y,930081,1
857328701251,COM-008,Packaging,0.3542,N,930081,1
857328701251,COM-006,Labor,0.4486,N,930081,1
236014034742,COM-008,Packaging,0.2104,Y,653217,1
236014034742,COM-007,Overhead,0.7034,N,653217,1
236014034742,COM-010,Quality Testing,0.0862,N,653217,1
184589230874,COM-010,Quality Testing,0.3438,Y,618631,3
184589230874,COM-001,Active Chemicals,0.589,N,618631,3
184589230874,COM-014,Warehousing,0.0672,N,618631,3
341076774208,COM-008,Packaging,0.6909,Y,504305,5
341076774208,COM-007,Overhead,0.1626,N,504305,5
341076774208,COM-012,Resin,0.1465,N,504305,5
219727351173,COM-001,Active Chemicals,0.6074,Y,215552,5
219727351173,COM-009,Pulp,0.0851,N,215552,5
219727351173,COM-005,Ingredients,0.3075,N,215552,5
333781399162,COM-004,Freight,0.6015,Y,516209,1
333781399162,COM-007,Overhead,0.0759,N,516209,1
333781399162,COM-014,Warehousing,0.3226,N,516209,1
574673851873,COM-004,Freight,0.0919,Y,814248,2
574673851873,COM-008,Packaging,0.5047,N,814248,2
574673851873,COM-001,Active Chemicals,0.4034,N,814248,2
209061612458,COM-013,Utilities,0.5427,Y,869575,2
209061612458,COM-003,Fragrance,0.2474,N,869575,2
209061612458,COM-007,Overhead,0.2099,N,869575,2
859808352511,COM-006,Labor,0.2773,Y,278501,1
859808352511,COM-011,Raw Materials,0.4073,N,278501,1
859808352511,COM-002,Co-manufacturing,0.3154,N,278501,1
391947699787,COM-008,Packaging,0.529,Y,279018,3
391947699787,COM-011,Raw Materials,0.2648,N,279018,3
391947699787,COM-010,Quality Testing,0.2062,N,279018,3
206408916668,COM-009,Pulp,0.1989,Y,419398,5
206408916668,COM-011,Raw Materials,0.6908,N,419398,5
206408916668,COM-005,Ingredients,0.1103,N,419398,5
852778649287,COM-011,Raw Materials,0.0868,Y,863589,5
852778649287,COM-004,Freight,0.1036,N,863589,5
852778649287,COM-003,Fragrance,0.8096,N,863589,5
218707457579,COM-005,Ingredients,0.3217,Y,757343,3
218707457579,COM-012,Resin,0.4774,N,757343,3
218707457579,COM-003,Fragrance,0.2009,N,757343,3
871032862832,COM-002,Co-manufacturing,0.3233,Y,974692,2
871032862832,COM-006,Labor,0.3492,N,974692,2
871032862832,COM-009,Pulp,0.3275,N,974692,2
169957543824,COM-012,Resin,0.2029,Y,409043,4
169957543824,COM-005,Ingredients,0.2163,N,409043,4
169957543824,COM-002,Co-manufacturing,0.5808,N,409043,4
413011727974,COM-003,Fragrance,0.5165,Y,626378,1
413011727974,COM-008,Packaging,0.3512,N,626378,1
413011727974,COM-007,Overhead,0.1323,N,626378,1
846515606205,COM-003,Fragrance,0.9033,Y,505002,1
846515606205,COM-012,Resin,0.0203,N,505002,1
846515606205,COM-002,Co-manufacturing,0.0764,N,505002,1
555849320708,COM-008,Packaging,0.4086,Y,309215,4
555849320708,COM-006,Labor,0.4015,N,309215,4
555849320708,COM-001,Active Chemicals,0.1899,N,309215,4
569672686257,COM-010,Quality Testing,0.3157,Y,540932,5
569672686257,COM-004,Freight,0.3903,N,540932,5
569672686257,COM-003,Fragrance,0.294,N,540932,5
239125412446,COM-008,Packaging,0.3228,Y,802629,3
239125412446,COM-005,Ingredients,0.2758,N,802629,3
239125412446,COM-003,Fragrance,0.4014,N,802629,3
168136710351,COM-001,Active Chemicals,0.407,Y,876442,2
168136710351,COM-006,Labor,0.2874,N,876442,2
168136710351,COM-014,Warehousing,0.3056,N,876442,2
442000684324,COM-006,Labor,0.6503,Y,106764,1
442000684324,COM-003,Fragrance,0.105,N,106764,1
442000684324,COM-008,Packaging,0.2447,N,106764,1
127804511908,COM-007,Overhead,0.4534,Y,565374,1
127804511908,COM-003,Fragrance,0.1367,N,565374,1
127804511908,COM-002,Co-manufacturing,0.4099,N,565374,1
796412825320,COM-009,Pulp,0.0307,Y,293785,5
796412825320,COM-007,Overhead,0.3548,N,293785,5
796412825320,COM-010,Quality Testing,0.6145,N,293785,5
522586939909,COM-007,Overhead,0.1538,Y,938708,4
522586939909,COM-011,Raw Materials,0.6468,N,938708,4
522586939909,COM-002,Co-manufacturing,0.1994,N,938708,4
898358932789,COM-012,Resin,0.2383,Y,390354,3
898358932789,COM-001,Active Chemicals,0.5273,N,390354,3
898358932789,COM-008,Packaging,0.2344,N,390354,3
887952474229,COM-009,Pulp,0.4833,Y,246841,5
887952474229,COM-012,Resin,0.1463,N,246841,5
887952474229,COM-014,Warehousing,0.3704,N,246841,5
455184212049,COM-008,Packaging,0.2,Y,708934,5
455184212049,COM-002,Co-manufacturing,0.4011,N,708934,5
455184212049,COM-014,Warehousing,0.3989,N,708934,5
950323330673,COM-011,Raw Materials,0.2723,Y,868236,5
950323330673,COM-003,Fragrance,0.5514,N,868236,5
950323330673,COM-007,Overhead,0.1763,N,868236,5
511300464784,COM-004,Freight,0.0618,Y,761959,1
511300464784,COM-014,Warehousing,0.2683,N,761959,1
511300464784,COM-007,Overhead,0.6699,N,761959,1
912612935181,COM-004,Freight,0.614,Y,555148,3
912612935181,COM-011,Raw Materials,0.3565,N,555148,3
912612935181,COM-006,Labor,0.0295,N,555148,3
848120185650,COM-014,Warehousing,0.5203,Y,863660,3
848120185650,COM-006,Labor,0.2675,N,863660,3
848120185650,COM-008,Packaging,0.2122,N,863660,3
188343836961,COM-014,Warehousing,0.1883,Y,920392,3
188343836961,COM-007,Overhead,0.6626,N,920392,3
188343836961,COM-010,Quality Testing,0.1491,N,920392,3
417690634090,COM-003,Fragrance,0.4096,Y,660383,5
417690634090,COM-011,Raw Materials,0.1402,N,660383,5
417690634090,COM-001,Active Chemicals,0.4502,N,660383,5
469505806346,COM-011,Raw Materials,0.6622,Y,373553,4
469505806346,COM-004,Freight,0.1016,N,373553,4
469505806346,COM-009,Pulp,0.2362,N,373553,4
181523014951,COM-009,Pulp,0.3164,Y,727203,4
181523014951,COM-001,Active Chemicals,0.4174,N,727203,4
181523014951,COM-004,Freight,0.2662,N,727203,4
126007558345,COM-013,Utilities,0.3893,Y,919800,3
126007558345,COM-006,Labor,0.5139,N,919800,3
126007558345,COM-012,Resin,0.0968,N,919800,3
507607649067,COM-003,Fragrance,0.4224,Y,303052,4
507607649067,COM-011,Raw Materials,0.3276,N,303052,4
507607649067,COM-010,Quality Testing,0.25,N,303052,4
299452078805,COM-008,Packaging,0.4027,Y,145843,1
299452078805,COM-002,Co-manufacturing,0.2761,N,145843,1
299452078805,COM-014,Warehousing,0.3212,N,145843,1
910482899596,COM-007,Overhead,0.0986,Y,330987,2
910482899596,COM-005,Ingredients,0.1833,N,330987,2
910482899596,COM-013,Utilities,0.7181,N,330987,2
554838863632,COM-008,Packaging,0.4468,Y,752079,4
554838863632,COM-005,Ingredients,0.3364,N,752079,4
554838863632,COM-013,Utilities,0.2168,N,752079,4
228647348560,COM-009,Pulp,0.1429,Y,623142,1
228647348560,COM-011,Raw Materials,0.5725,N,623142,1
228647348560,COM-012,Resin,0.2846,N,623142,1
822346612786,COM-003,Fragrance,0.0479,Y,658358,3
822346612786,COM-010,Quality Testing,0.8756,N,658358,3
822346612786,COM-005,Ingredients,0.0765,N,658358,3
896033294730,COM-007,Overhead,0.3767,Y,555161,5
896033294730,COM-001,Active Chemicals,0.2175,N,555161,5
896033294730,COM-009,Pulp,0.4058,N,555161,5
520736306319,COM-010,Quality Testing,0.7078,Y,881853,4
520736306319,COM-001,Active Chemicals,0.0848,N,881853,4
520736306319,COM-007,Overhead,0.2074,N,881853,4
496314971410,COM-014,Warehousing,0.3417,Y,791252,4
496314971410,COM-007,Overhead,0.458,N,791252,4
496314971410,COM-006,Labor,0.2003,N,791252,4
625526716471,COM-008,Packaging,0.6727,Y,985339,3
625526716471,COM-009,Pulp,0.0934,N,985339,3
625526716471,COM-006,Labor,0.2339,N,985339,3
349654519558,COM-003,Fragrance,0.404,Y,282971,5
349654519558,COM-005,Ingredients,0.3613,N,282971,5
349654519558,COM-011,Raw Materials,0.2347,N,282971,5
383361679951,COM-001,Active Chemicals,0.2824,Y,811341,5
383361679951,COM-009,Pulp,0.4842,N,811341,5
383361679951,COM-008,Packaging,0.2334,N,811341,5
510471595970,COM-012,Resin,0.1517,Y,536175,1
510471595970,COM-002,Co-manufacturing,0.387,N,536175,1
510471595970,COM-005,Ingredients,0.4613,N,536175,1
148826484936,COM-013,Utilities,0.3273,Y,257352,2
148826484936,COM-005,Ingredients,0.185,N,257352,2
148826484936,COM-004,Freight,0.4877,N,257352,2
719439858717,COM-003,Fragrance,0.351,Y,702343,4
719439858717,COM-009,Pulp,0.3677,N,702343,4
719439858717,COM-002,Co-manufacturing,0.2813,N,702343,4
424593200246,COM-004,Freight,0.4048,Y,444650,4
424593200246,COM-009,Pulp,0.5724,N,444650,4
424593200246,COM-013,Utilities,0.0228,N,444650,4
183776100693,COM-001,Active Chemicals,0.4668,Y,785066,3
183776100693,COM-004,Freight,0.2472,N,785066,3
183776100693,COM-012,Resin,0.286,N,785066,3
445064423423,COM-006,Labor,0.0931,Y,185465,5
445064423423,COM-008,Packaging,0.5744,N,185465,5
445064423423,COM-012,Resin,0.3325,N,185465,5
127622737992,COM-013,Utilities,0.233,Y,275044,5
127622737992,COM-001,Active Chemicals,0.5471,N,275044,5
127622737992,COM-004,Freight,0.2199,N,275044,5
776924458780,COM-007,Overhead,0.2447,Y,857260,1
776924458780,COM-010,Quality Testing,0.4272,N,857260,1
776924458780,COM-009,Pulp,0.3281,N,857260,1
108141536454,COM-004,Freight,0.389,Y,721856,5
108141536454,COM-007,Overhead,0.3617,N,721856,5
108141536454,COM-009,Pulp,0.2493,N,721856,5
522293210781,COM-005,Ingredients,0.3405,Y,894086,1
522293210781,COM-008,Packaging,0.2077,N,894086,1
522293210781,COM-014,Warehousing,0.4518,N,894086,1
583126421679,COM-002,Co-manufacturing,0.0867,Y,277545,2
583126421679,COM-007,Overhead,0.4376,N,277545,2
583126421679,COM-006,Labor,0.4757,N,277545,2
696530775578,COM-001,Active Chemicals,0.3669,Y,937803,2
696530775578,COM-006,Labor,0.2517,N,937803,2
696530775578,COM-009,Pulp,0.3814,N,937803,2
576264112048,COM-013,Utilities,0.333,Y,375834,1
576264112048,COM-010,Quality Testing,0.5776,N,375834,1
576264112048,COM-004,Freight,0.0894,N,375834,1
793437347947,COM-005,Ingredients,0.6749,Y,637756,3
793437347947,COM-004,Freight,0.2156,N,637756,3
793437347947,COM-001,Active Chemicals,0.1095,N,637756,3
744832966629,COM-001,Active Chemicals,0.5921,Y,330906,5
744832966629,COM-013,Utilities,0.1452,N,330906,5
744832966629,COM-010,Quality Testing,0.2627,N,330906,5
772410361035,COM-009,Pulp,0.0873,Y,844479,1
772410361035,COM-001,Active Chemicals,0.3517,N,844479,1
772410361035,COM-002,Co-manufacturing,0.561,N,844479,1
973983848429,COM-012,Resin,0.3664,Y,511262,2
973983848429,COM-009,Pulp,0.4123,N,511262,2
973983848429,COM-005,Ingredients,0.2213,N,511262,2
827219163675,COM-007,Overhead,0.0946,Y,464462,5
827219163675,COM-014,Warehousing,0.507,N,464462,5
827219163675,COM-001,Active Chemicals,0.3984,N,464462,5
552335726553,COM-009,Pulp,0.144,Y,948330,3
552335726553,COM-012,Resin,0.2876,N,948330,3
552335726553,COM-004,Freight,0.5684,N,948330,3
772649018684,COM-010,Quality Testing,0.2892,Y,235492,2
772649018684,COM-014,Warehousing,0.6003,N,235492,2
772649018684,COM-001,Active Chemicals,0.1105,N,235492,2
536092505782,COM-011,Raw Materials,0.167,Y,340474,5
536092505782,COM-014,Warehousing,0.4615,N,340474,5
536092505782,COM-001,Active Chemicals,0.3715,N,340474,5
409911721123,COM-006,Labor,0.4479,Y,125422,4
409911721123,COM-013,Utilities,0.3166,N,125422,4
409911721123,COM-007,Overhead,0.2355,N,125422,4
916107101720,COM-014,Warehousing,0.4649,Y,734254,1
916107101720,COM-003,Fragrance,0.1535,N,734254,1
916107101720,COM-007,Overhead,0.3816,N,734254,1
603688208312,COM-001,Active Chemicals,0.512,Y,204521,3
603688208312,COM-007,Overhead,0.4569,N,204521,3
603688208312,COM-009,Pulp,0.0311,N,204521,3
900998665661,COM-009,Pulp,0.6483,Y,490843,5
900998665661,COM-003,Fragrance,0.137,N,490843,5
900998665661,COM-008,Packaging,0.2147,N,490843,5
287092578290,COM-001,Active Chemicals,0.1945,Y,613604,3
287092578290,COM-013,Utilities,0.5222,N,613604,3
287092578290,COM-003,Fragrance,0.2833,N,613604,3
913086507802,COM-010,Quality Testing,0.1379,Y,974851,1
913086507802,COM-009,Pulp,0.4009,N,974851,1
913086507802,COM-001,Active Chemicals,0.4612,N,974851,1
879370658347,COM-010,Quality Testing,0.5693,Y,639420,3
879370658347,COM-011,Raw Materials,0.1751,N,639420,3
879370658347,COM-006,Labor,0.2556,N,639420,3
228728400202,COM-011,Raw Materials,0.1545,Y,544787,5
228728400202,COM-007,Overhead,0.3665,N,544787,5
228728400202,COM-008,Packaging,0.479,N,544787,5
775694503412,COM-013,Utilities,0.3272,Y,691198,2
775694503412,COM-005,Ingredients,0.3293,N,691198,2
775694503412,COM-001,Active Chemicals,0.3435,N,691198,2
464798211985,COM-009,Pulp,0.1923,Y,855111,2
464798211985,COM-008,Packaging,0.1144,N,855111,2
464798211985,COM-011,Raw Materials,0.6933,N,855111,2
462746897300,COM-007,Overhead,0.3773,Y,164076,5
462746897300,COM-014,Warehousing,0.3335,N,164076,5
462746897300,COM-012,Resin,0.2892,N,164076,5
695115445810,COM-003,Fragrance,0.2513,Y,791397,5
695115445810,COM-002,Co-manufacturing,0.149,N,791397,5
695115445810,COM-012,Resin,0.5997,N,791397,5
285582559229,COM-005,Ingredients,0.2972,Y,921417,4
285582559229,COM-008,Packaging,0.3412,N,921417,4
285582559229,COM-011,Raw Materials,0.3616,N,921417,4
432117319904,COM-001,Active Chemicals,0.3602,Y,896925,4
432117319904,COM-008,Packaging,0.244,N,896925,4
432117319904,COM-003,Fragrance,0.3958,N,896925,4
716058268765,COM-002,Co-manufacturing,0.327,Y,613900,2
716058268765,COM-005,Ingredients,0.3229,N,613900,2
716058268765,COM-006,Labor,0.3501,N,613900,2
775228043410,COM-007,Overhead,0.4489,Y,300261,3
775228043410,COM-005,Ingredients,0.4014,N,300261,3
775228043410,COM-008,Packaging,0.1497,N,300261,3
808813606321,COM-014,Warehousing,0.5399,Y,772844,2
808813606321,COM-013,Utilities,0.2063,N,772844,2
808813606321,COM-009,Pulp,0.2538,N,772844,2
922372198985,COM-008,Packaging,0.726,Y,887046,5
922372198985,COM-012,Resin,0.2202,N,887046,5
922372198985,COM-014,Warehousing,0.0538,N,887046,5
407279498790,COM-013,Utilities,0.4665,Y,786927,3
407279498790,COM-005,Ingredients,0.471,N,786927,3
407279498790,COM-001,Active Chemicals,0.0625,N,786927,3
167300596392,COM-004,Freight,0.084,Y,302312,5
167300596392,COM-013,Utilities,0.2024,N,302312,5
167300596392,COM-001,Active Chemicals,0.7136,N,302312,5
715356127068,COM-008,Packaging,0.3713,Y,223432,2
715356127068,COM-014,Warehousing,0.4173,N,223432,2
715356127068,COM-010,Quality Testing,0.2114,N,223432,2
789733730959,COM-007,Overhead,0.4667,Y,903966,5
789733730959,COM-002,Co-manufacturing,0.5268,N,903966,5
789733730959,COM-010,Quality Testing,0.0065,N,903966,5
516840901117,COM-006,Labor,0.4257,Y,401021,5
516840901117,COM-007,Overhead,0.1929,N,401021,5
516840901117,COM-010,Quality Testing,0.3814,N,401021,5
501917439632,COM-011,Raw Materials,0.437,Y,909889,2
501917439632,COM-003,Fragrance,0.4244,N,909889,2
501917439632,COM-012,Resin,0.1386,N,909889,2
810159620454,COM-014,Warehousing,0.298,Y,815147,4
810159620454,COM-013,Utilities,0.445,N,815147,4
810159620454,COM-007,Overhead,0.257,N,815147,4
135480063042,COM-005,Ingredients,0.7922,Y,642145,4
135480063042,COM-013,Utilities,0.0577,N,642145,4
135480063042,COM-008,Packaging,0.1501,N,642145,4
470804766595,COM-003,Fragrance,0.2124,Y,205075,1
470804766595,COM-013,Utilities,0.0193,N,205075,1
470804766595,COM-012,Resin,0.7683,N,205075,1
471948213367,COM-003,Fragrance,0.3973,Y,811517,4
471948213367,COM-012,Resin,0.3346,N,811517,4
471948213367,COM-014,Warehousing,0.2681,N,811517,4
756642926570,COM-010,Quality Testing,0.0796,Y,649543,2
756642926570,COM-011,Raw Materials,0.5439,N,649543,2
756642926570,COM-008,Packaging,0.3765,N,649543,2
282089407141,COM-012,Resin,0.3724,Y,100884,5
282089407141,COM-008,Packaging,0.0498,N,100884,5
282089407141,COM-013,Utilities,0.5778,N,100884,5
273848869088,COM-004,Freight,0.3977,Y,204766,1
273848869088,COM-010,Quality Testing,0.464,N,204766,1
273848869088,COM-008,Packaging,0.1383,N,204766,1
459803413866,COM-011,Raw Materials,0.3341,Y,959613,1
459803413866,COM-004,Freight,0.2121,N,959613,1
459803413866,COM-003,Fragrance,0.4538,N,959613,1
651215462593,COM-007,Overhead,0.1847,Y,740225,5
651215462593,COM-012,Resin,0.3752,N,740225,5
651215462593,COM-008,Packaging,0.4401,N,740225,5
409885101207,COM-014,Warehousing,0.408,Y,505605,3
409885101207,COM-008,Packaging,0.4983,N,505605,3
409885101207,COM-009,Pulp,0.0937,N,505605,3
988214485034,COM-010,Quality Testing,0.2583,Y,268698,3
988214485034,COM-011,Raw Materials,0.5659,N,268698,3
988214485034,COM-007,Overhead,0.1758,N,268698,3
983934871531,COM-001,Active Chemicals,0.1497,Y,626449,2
983934871531,COM-010,Quality Testing,0.5977,N,626449,2
983934871531,COM-012,Resin,0.2526,N,626449,2
315855764363,COM-008,Packaging,0.5716,Y,952319,1
315855764363,COM-009,Pulp,0.2404,N,952319,1
315855764363,COM-010,Quality Testing,0.188,N,952319,1
471195565935,COM-007,Overhead,0.0986,Y,410529,1
471195565935,COM-002,Co-manufacturing,0.498,N,410529,1
471195565935,COM-011,Raw Materials,0.4034,N,410529,1
536964304644,COM-009,Pulp,0.3696,Y,283745,1
536964304644,COM-013,Utilities,0.5662,N,283745,1
536964304644,COM-003,Fragrance,0.0642,N,283745,1
456811005822,COM-002,Co-manufacturing,0.3409,Y,140147,5
456811005822,COM-013,Utilities,0.3054,N,140147,5
456811005822,COM-007,Overhead,0.3537,N,140147,5
820358760888,COM-001,Active Chemicals,0.0735,Y,183134,3
820358760888,COM-014,Warehousing,0.7644,N,183134,3
820358760888,COM-004,Freight,0.1621,N,183134,3
402524377937,COM-007,Overhead,0.1229,Y,822325,3
402524377937,COM-011,Raw Materials,0.7383,N,822325,3
402524377937,COM-012,Resin,0.1388,N,822325,3
607953126023,COM-007,Overhead,0.39,Y,928645,1
607953126023,COM-013,Utilities,0.5379,N,928645,1
607953126023,COM-010,Quality Testing,0.0721,N,928645,1
527527306381,COM-004,Freight,0.6571,Y,684745,3
527527306381,COM-001,Active Chemicals,0.1445,N,684745,3
527527306381,COM-013,Utilities,0.1984,N,684745,3
825988056608,COM-005,Ingredients,0.0826,Y,182427,5
825988056608,COM-007,Overhead,0.6774,N,182427,5
825988056608,COM-010,Quality Testing,0.24,N,182427,5
783569387599,COM-012,Resin,0.3658,Y,274833,3
783569387599,COM-001,Active Chemicals,0.3175,N,274833,3
783569387599,COM-006,Labor,0.3167,N,274833,3
332865848454,COM-012,Resin,0.1522,Y,698469,4
332865848454,COM-003,Fragrance,0.5192,N,698469,4
332865848454,COM-007,Overhead,0.3286,N,698469,4
855419282887,COM-006,Labor,0.6488,Y,898756,5
855419282887,COM-014,Warehousing,0.3273,N,898756,5
855419282887,COM-012,Resin,0.0239,N,898756,5
291796878253,COM-003,Fragrance,0.5883,Y,203099,1
291796878253,COM-001,Active Chemicals,0.1803,N,203099,1
291796878253,COM-008,Packaging,0.2314,N,203099,1
771410849783,COM-012,Resin,0.124,Y,274544,4
771410849783,COM-001,Active Chemicals,0.2714,N,274544,4
771410849783,COM-010,Quality Testing,0.6046,N,274544,4
616148601010,COM-003,Fragrance,0.235,Y,309490,2
616148601010,COM-009,Pulp,0.5704,N,309490,2
616148601010,COM-004,Freight,0.1946,N,309490,2
275702295832,COM-014,Warehousing,0.2069,Y,584664,3
275702295832,COM-012,Resin,0.7106,N,584664,3
275702295832,COM-008,Packaging,0.0825,N,584664,3
769055387583,COM-005,Ingredients,0.3598,Y,660118,2
769055387583,COM-012,Resin,0.4603,N,660118,2
769055387583,COM-013,Utilities,0.1799,N,660118,2
236525944491,COM-005,Ingredients,0.3607,Y,253075,5
236525944491,COM-006,Labor,0.2639,N,253075,5
236525944491,COM-004,Freight,0.3754,N,253075,5
862966733176,COM-013,Utilities,0.428,Y,580501,2
862966733176,COM-007,Overhead,0.2158,N,580501,2
862966733176,COM-003,Fragrance,0.3562,N,580501,2
127008603057,COM-002,Co-manufacturing,0.0754,Y,488865,4
127008603057,COM-007,Overhead,0.2304,N,488865,4
127008603057,COM-009,Pulp,0.6942,N,488865,4
420436555300,COM-013,Utilities,0.2445,Y,369804,5
420436555300,COM-001,Active Chemicals,0.6736,N,369804,5
420436555300,COM-012,Resin,0.0819,N,369804,5
744914580410,COM-014,Warehousing,0.2201,Y,429563,4
744914580410,COM-001,Active Chemicals,0.2394,N,429563,4
744914580410,COM-009,Pulp,0.5405,N,429563,4
172786588537,COM-003,Fragrance,0.332,Y,335746,4
172786588537,COM-002,Co-manufacturing,0.4743,N,335746,4
172786588537,COM-011,Raw Materials,0.1937,N,335746,4
137212644999,COM-010,Quality Testing,0.2918,Y,756830,2
137212644999,COM-011,Raw Materials,0.4891,N,756830,2
137212644999,COM-009,Pulp,0.2191,N,756830,2
915173066924,COM-011,Raw Materials,0.5083,Y,823201,4
915173066924,COM-003,Fragrance,0.1499,N,823201,4
915173066924,COM-007,Overhead,0.3418,N,823201,4
245612849988,COM-009,Pulp,0.4099,Y,417467,2
245612849988,COM-008,Packaging,0.183,N,417467,2
245612849988,COM-001,Active Chemicals,0.4071,N,417467,2
226608330363,COM-013,Utilities,0.1584,Y,187436,3
226608330363,COM-009,Pulp,0.5603,N,187436,3
226608330363,COM-002,Co-manufacturing,0.2813,N,187436,3
930009936596,COM-004,Freight,0.293,Y,730565,4
930009936596,COM-005,Ingredients,0.167,N,730565,4
930009936596,COM-007,Overhead,0.54,N,730565,4
106389109347,COM-005,Ingredients,0.1771,Y,634299,4
106389109347,COM-002,Co-manufacturing,0.2622,N,634299,4
106389109347,COM-010,Quality Testing,0.5607,N,634299,4
651075229299,COM-006,Labor,0.2342,Y,435560,2
651075229299,COM-004,Freight,0.6955,N,435560,2
651075229299,COM-012,Resin,0.0703,N,435560,2
671044708261,COM-005,Ingredients,0.2337,Y,785234,2
671044708261,COM-006,Labor,0.1701,N,785234,2
671044708261,COM-007,Overhead,0.5962,N,785234,2
565179390412,COM-005,Ingredients,0.2206,Y,512658,5
565179390412,COM-002,Co-manufacturing,0.2956,N,512658,5
565179390412,COM-006,Labor,0.4838,N,512658,5
826745442028,COM-010,Quality Testing,0.0824,Y,368361,5
826745442028,COM-004,Freight,0.1437,N,368361,5
826745442028,COM-003,Fragrance,0.7739,N,368361,5
277137928115,COM-009,Pulp,0.2321,Y,857962,3
277137928115,COM-004,Freight,0.7243,N,857962,3
277137928115,COM-007,Overhead,0.0436,N,857962,3
800320679462,COM-010,Quality Testing,0.4623,Y,389455,4
800320679462,COM-013,Utilities,0.2055,N,389455,4
800320679462,COM-012,Resin,0.3322,N,389455,4
196902349432,COM-006,Labor,0.519,Y,357138,1
196902349432,COM-010,Quality Testing,0.3796,N,357138,1
196902349432,COM-008,Packaging,0.1014,N,357138,1
612480940063,COM-003,Fragrance,0.3943,Y,583187,3
612480940063,COM-013,Utilities,0.4908,N,583187,3
612480940063,COM-011,Raw Materials,0.1149,N,583187,3
986465392781,COM-001,Active Chemicals,0.2391,Y,936865,1
986465392781,COM-010,Quality Testing,0.3791,N,936865,1
986465392781,COM-005,Ingredients,0.3818,N,936865,1
718799786443,COM-004,Freight,0.6842,Y,685410,4
718799786443,COM-010,Quality Testing,0.2377,N,685410,4
718799786443,COM-008,Packaging,0.0781,N,685410,4
463570887282,COM-011,Raw Materials,0.6448,Y,290498,2
463570887282,COM-003,Fragrance,0.2727,N,290498,2
463570887282,COM-012,Resin,0.0825,N,290498,2
384114212294,COM-006,Labor,0.1886,Y,712763,1
384114212294,COM-004,Freight,0.5706,N,712763,1
384114212294,COM-014,Warehousing,0.2408,N,712763,1
763715993831,COM-012,Resin,0.4771,Y,917326,2
763715993831,COM-007,Overhead,0.4139,N,917326,2
763715993831,COM-004,Freight,0.109,N,917326,2
585092446868,COM-004,Freight,0.5839,Y,974677,5
585092446868,COM-014,Warehousing,0.2696,N,974677,5
585092446868,COM-012,Resin,0.1465,N,974677,5
739577681323,COM-004,Freight,0.1835,Y,641585,1
739577681323,COM-014,Warehousing,0.5779,N,641585,1
739577681323,COM-008,Packaging,0.2386,N,641585,1
602274507386,COM-012,Resin,0.2167,Y,107608,3
602274507386,COM-002,Co-manufacturing,0.5935,N,107608,3
602274507386,COM-007,Overhead,0.1898,N,107608,3
404789066223,COM-009,Pulp,0.228,Y,778805,5
404789066223,COM-010,Quality Testing,0.0766,N,778805,5
404789066223,COM-011,Raw Materials,0.6954,N,778805,5
560237883698,COM-010,Quality Testing,0.4678,Y,283120,4
560237883698,COM-006,Labor,0.3045,N,283120,4
560237883698,COM-011,Raw Materials,0.2277,N,283120,4
454858416704,COM-010,Quality Testing,0.4049,Y,921316,2
454858416704,COM-003,Fragrance,0.353,N,921316,2
454858416704,COM-013,Utilities,0.2421,N,921316,2
199740735655,COM-011,Raw Materials,0.5925,Y,169547,2
199740735655,COM-007,Overhead,0.2738,N,169547,2
199740735655,COM-009,Pulp,0.1337,N,169547,2
778419742684,COM-004,Freight,0.1638,Y,851111,2
778419742684,COM-002,Co-manufacturing,0.2444,N,851111,2
778419742684,COM-008,Packaging,0.5918,N,851111,2
371034891379,COM-010,Quality Testing,0.0713,Y,362847,5
371034891379,COM-006,Labor,0.4093,N,362847,5
371034891379,COM-005,Ingredients,0.5194,N,362847,5
524341786974,COM-012,Resin,0.2451,Y,150350,3
524341786974,COM-005,Ingredients,0.1789,N,150350,3
524341786974,COM-011,Raw Materials,0.576,N,150350,3
544860692989,COM-005,Ingredients,0.7065,Y,325272,4
544860692989,COM-006,Labor,0.2164,N,325272,4
544860692989,COM-007,Overhead,0.0771,N,325272,4
938989112242,COM-014,Warehousing,0.4583,Y,375632,4
938989112242,COM-008,Packaging,0.1121,N,375632,4
938989112242,COM-010,Quality Testing,0.4296,N,375632,4
578685120976,COM-010,Quality Testing,0.4393,Y,186997,5
578685120976,COM-011,Raw Materials,0.3248,N,186997,5
578685120976,COM-004,Freight,0.2359,N,186997,5
687552642739,COM-002,Co-manufacturing,0.439,Y,665661,4
687552642739,COM-003,Fragrance,0.1701,N,665661,4
687552642739,COM-004,Freight,0.3909,N,665661,4
152735418295,COM-011,Raw Materials,0.5796,Y,410899,4
152735418295,COM-008,Packaging,0.1645,N,410899,4
152735418295,COM-007,Overhead,0.2559,N,410899,4
554214994678,COM-012,Resin,0.3737,Y,250776,5
554214994678,COM-003,Fragrance,0.2325,N,250776,5
554214994678,COM-004,Freight,0.3938,N,250776,5
234868160155,COM-001,Active Chemicals,0.3097,Y,875584,3
234868160155,COM-007,Overhead,0.3173,N,875584,3
234868160155,COM-014,Warehousing,0.373,N,875584,3
583872825612,COM-007,Overhead,0.2994,Y,962181,5
583872825612,COM-011,Raw Materials,0.6426,N,962181,5
583872825612,COM-012,Resin,0.058,N,962181,5
287196057574,COM-008,Packaging,0.5509,Y,825024,1
287196057574,COM-013,Utilities,0.2821,N,825024,1
287196057574,COM-003,Fragrance,0.167,N,825024,1
161940618713,COM-012,Resin,0.5106,Y,210299,3
161940618713,COM-002,Co-manufacturing,0.1801,N,210299,3
161940618713,COM-007,Overhead,0.3093,N,210299,3
740992705579,COM-009,Pulp,0.4574,Y,332142,1
740992705579,COM-001,Active Chemicals,0.3573,N,332142,1
740992705579,COM-003,Fragrance,0.1853,N,332142,1
218548236947,COM-002,Co-manufacturing,0.2414,Y,978922,3
218548236947,COM-013,Utilities,0.5969,N,978922,3
218548236947,COM-003,Fragrance,0.1617,N,978922,3
966067650309,COM-004,Freight,0.4033,Y,993631,3
966067650309,COM-003,Fragrance,0.566,N,993631,3
966067650309,COM-006,Labor,0.0307,N,993631,3
554925812307,COM-004,Freight,0.4296,Y,129752,5
554925812307,COM-007,Overhead,0.1559,N,129752,5
554925812307,COM-009,Pulp,0.4145,N,129752,5
710784640657,COM-005,Ingredients,0.6176,Y,673862,3
710784640657,COM-003,Fragrance,0.05,N,673862,3
710784640657,COM-001,Active Chemicals,0.3324,N,673862,3
445341420735,COM-010,Quality Testing,0.3518,Y,621344,3
445341420735,COM-006,Labor,0.3866,N,621344,3
445341420735,COM-014,Warehousing,0.2616,N,621344,3
657954177722,COM-008,Packaging,0.3996,Y,773508,1
657954177722,COM-013,Utilities,0.2546,N,773508,1
657954177722,COM-003,Fragrance,0.3458,N,773508,1
247732945307,COM-004,Freight,0.2169,Y,208659,2
247732945307,COM-009,Pulp,0.5968,N,208659,2
247732945307,COM-011,Raw Materials,0.1863,N,208659,2
346936966829,COM-014,Warehousing,0.0603,Y,329612,4
346936966829,COM-003,Fragrance,0.623,N,329612,4
346936966829,COM-009,Pulp,0.3167,N,329612,4
737882406950,COM-012,Resin,0.4599,Y,757724,3
737882406950,COM-005,Ingredients,0.1318,N,757724,3
737882406950,COM-010,Quality Testing,0.4083,N,757724,3
864324181290,COM-013,Utilities,0.7201,Y,437287,3
864324181290,COM-009,Pulp,0.2004,N,437287,3
864324181290,COM-001,Active Chemicals,0.0795,N,437287,3
871881062176,COM-008,Packaging,0.2014,Y,680987,1
871881062176,COM-006,Labor,0.6914,N,680987,1
871881062176,COM-011,Raw Materials,0.1072,N,680987,1
261947364074,COM-013,Utilities,0.244,Y,815136,3
261947364074,COM-003,Fragrance,0.2922,N,815136,3
261947364074,COM-009,Pulp,0.4638,N,815136,3
596763651937,COM-002,Co-manufacturing,0.6405,Y,664548,5
596763651937,COM-003,Fragrance,0.189,N,664548,5
596763651937,COM-005,Ingredients,0.1705,N,664548,5
774614865670,COM-011,Raw Materials,0.1707,Y,655506,4
774614865670,COM-002,Co-manufacturing,0.2956,N,655506,4
774614865670,COM-009,Pulp,0.5337,N,655506,4
871264469609,COM-013,Utilities,0.6453,Y,506271,3
871264469609,COM-012,Resin,0.1061,N,506271,3
871264469609,COM-007,Overhead,0.2486,N,506271,3
349969704933,COM-011,Raw Materials,0.3259,Y,778664,1
349969704933,COM-003,Fragrance,0.517,N,778664,1
349969704933,COM-014,Warehousing,0.1571,N,778664,1
100723758304,COM-004,Freight,0.2599,Y,113189,1
100723758304,COM-002,Co-manufacturing,0.7093,N,113189,1
100723758304,COM-003,Fragrance,0.0308,N,113189,1
757794303899,COM-011,Raw Materials,0.6205,Y,701866,2
757794303899,COM-003,Fragrance,0.2918,N,701866,2
757794303899,COM-014,Warehousing,0.0877,N,701866,2
300502095942,COM-002,Co-manufacturing,0.31,Y,643674,1
300502095942,COM-001,Active Chemicals,0.3714,N,643674,1
300502095942,COM-012,Resin,0.3186,N,643674,1
500489474718,COM-013,Utilities,0.4879,Y,351082,1
500489474718,COM-010,Quality Testing,0.1022,N,351082,1
500489474718,COM-003,Fragrance,0.4099,N,351082,1
733778244899,COM-007,Overhead,0.2858,Y,657764,4
733778244899,COM-002,Co-manufacturing,0.6009,N,657764,4
733778244899,COM-012,Resin,0.1133,N,657764,4
636973278896,COM-014,Warehousing,0.3078,Y,437132,3
636973278896,COM-011,Raw Materials,0.483,N,437132,3
636973278896,COM-004,Freight,0.2092,N,437132,3
154714692436,COM-013,Utilities,0.164,Y,129321,2
154714692436,COM-001,Active Chemicals,0.3689,N,129321,2
154714692436,COM-010,Quality Testing,0.4671,N,129321,2
602934875310,COM-004,Freight,0.4692,Y,332329,4
602934875310,COM-013,Utilities,0.4709,N,332329,4
602934875310,COM-008,Packaging,0.0599,N,332329,4
529441262209,COM-002,Co-manufacturing,0.4948,Y,489843,1
529441262209,COM-003,Fragrance,0.262,N,489843,1
529441262209,COM-013,Utilities,0.2432,N,489843,1
111554670042,COM-012,Resin,0.1786,Y,963559,2
111554670042,COM-011,Raw Materials,0.1741,N,963559,2
111554670042,COM-013,Utilities,0.6473,N,963559,2
227292510094,COM-013,Utilities,0.3382,Y,266643,1
227292510094,COM-014,Warehousing,0.3381,N,266643,1
227292510094,COM-012,Resin,0.3237,N,266643,1
232117442989,COM-009,Pulp,0.6144,Y,962849,4
232117442989,COM-014,Warehousing,0.014,N,962849,4
232117442989,COM-008,Packaging,0.3716,N,962849,4
863484301797,COM-003,Fragrance,0.046,Y,170674,2
863484301797,COM-010,Quality Testing,0.407,N,170674,2
863484301797,COM-011,Raw Materials,0.547,N,170674,2
115327885109,COM-012,Resin,0.1269,Y,457928,5
115327885109,COM-006,Labor,0.8146,N,457928,5
115327885109,COM-007,Overhead,0.0585,N,457928,5
822997136404,COM-001,Active Chemicals,0.6273,Y,560190,1
822997136404,COM-005,Ingredients,0.0918,N,560190,1
822997136404,COM-011,Raw Materials,0.2809,N,560190,1
119474557561,COM-003,Fragrance,0.2774,Y,855480,5
119474557561,COM-011,Raw Materials,0.5195,N,855480,5
119474557561,COM-012,Resin,0.2031,N,855480,5
813049582975,COM-003,Fragrance,0.3781,Y,699252,1
813049582975,COM-007,Overhead,0.346,N,699252,1
813049582975,COM-005,Ingredients,0.2759,N,699252,1
255580207446,COM-006,Labor,0.3217,Y,768040,4
255580207446,COM-011,Raw Materials,0.267,N,768040,4
255580207446,COM-009,Pulp,0.4113,N,768040,4
489237853256,COM-012,Resin,0.678,Y,525504,5
489237853256,COM-006,Labor,0.2999,N,525504,5
489237853256,COM-013,Utilities,0.0221,N,525504,5
312894599330,COM-006,Labor,0.3064,Y,791353,2
312894599330,COM-009,Pulp,0.2304,N,791353,2
312894599330,COM-008,Packaging,0.4632,N,791353,2
319261884561,COM-006,Labor,0.3966,Y,454086,5
319261884561,COM-009,Pulp,0.1795,N,454086,5
319261884561,COM-011,Raw Materials,0.4239,N,454086,5
920268455895,COM-010,Quality Testing,0.3096,Y,690729,3
920268455895,COM-009,Pulp,0.6332,N,690729,3
920268455895,COM-005,Ingredients,0.0572,N,690729,3
172099453919,COM-013,Utilities,0.4819,Y,122508,5
172099453919,COM-006,Labor,0.4595,N,122508,5
172099453919,COM-004,Freight,0.0586,N,122508,5
621609248334,COM-008,Packaging,0.6081,Y,837781,1
621609248334,COM-001,Active Chemicals,0.3025,N,837781,1
621609248334,COM-003,Fragrance,0.0894,N,837781,1
374464093781,COM-003,Fragrance,0.202,Y,796117,2
374464093781,COM-013,Utilities,0.7427,N,796117,2
374464093781,COM-005,Ingredients,0.0553,N,796117,2
125314485888,COM-012,Resin,0.5862,Y,804393,4
125314485888,COM-006,Labor,0.2575,N,804393,4
125314485888,COM-008,Packaging,0.1563,N,804393,4
193572636819,COM-007,Overhead,0.4703,Y,732094,5
193572636819,COM-001,Active Chemicals,0.1618,N,732094,5
193572636819,COM-011,Raw Materials,0.3679,N,732094,5
869824801040,COM-011,Raw Materials,0.4766,Y,375894,3
869824801040,COM-006,Labor,0.4109,N,375894,3
869824801040,COM-003,Fragrance,0.1125,N,375894,3
320678302110,COM-012,Resin,0.4122,Y,498476,5
320678302110,COM-013,Utilities,0.4876,N,498476,5
320678302110,COM-005,Ingredients,0.1002,N,498476,5
637699425941,COM-010,Quality Testing,0.1774,Y,379626,3
637699425941,COM-006,Labor,0.2952,N,379626,3
637699425941,COM-008,Packaging,0.5274,N,379626,3
727726676482,COM-003,Fragrance,0.3009,Y,348455,1
727726676482,COM-002,Co-manufacturing,0.55,N,348455,1
727726676482,COM-009,Pulp,0.1491,N,348455,1
253348146409,COM-013,Utilities,0.4905,Y,882304,5
253348146409,COM-008,Packaging,0.2335,N,882304,5
253348146409,COM-012,Resin,0.276,N,882304,5
318259719323,COM-006,Labor,0.3733,Y,619360,5
318259719323,COM-004,Freight,0.5162,N,619360,5
318259719323,COM-007,Overhead,0.1105,N,619360,5
936242450903,COM-002,Co-manufacturing,0.1617,Y,297340,4
936242450903,COM-003,Fragrance,0.4099,N,297340,4
936242450903,COM-007,Overhead,0.4284,N,297340,4
376709810617,COM-009,Pulp,0.2283,Y,871168,3
376709810617,COM-005,Ingredients,0.1299,N,871168,3
376709810617,COM-013,Utilities,0.6418,N,871168,3
592701939539,COM-007,Overhead,0.3619,Y,880422,4
592701939539,COM-013,Utilities,0.1648,N,880422,4
592701939539,COM-005,Ingredients,0.4733,N,880422,4
428563687896,COM-005,Ingredients,0.4151,Y,612845,3
428563687896,COM-012,Resin,0.0551,N,612845,3
428563687896,COM-009,Pulp,0.5298,N,612845,3
269445807447,COM-006,Labor,0.1869,Y,873701,3
269445807447,COM-012,Resin,0.738,N,873701,3
269445807447,COM-005,Ingredients,0.0751,N,873701,3
337013087081,COM-007,Overhead,0.2821,Y,117185,3
337013087081,COM-004,Freight,0.2097,N,117185,3
337013087081,COM-010,Quality Testing,0.5082,N,117185,3
275456273476,COM-004,Freight,0.5051,Y,798130,4
275456273476,COM-001,Active Chemicals,0.171,N,798130,4
275456273476,COM-009,Pulp,0.3239,N,798130,4
274511000649,COM-010,Quality Testing,0.3151,Y,761084,3
274511000649,COM-013,Utilities,0.6151,N,761084,3
274511000649,COM-006,Labor,0.0698,N,761084,3
505647112111,COM-010,Quality Testing,0.4092,Y,358064,4
505647112111,COM-007,Overhead,0.2322,N,358064,4
505647112111,COM-001,Active Chemicals,0.3586,N,358064,4
456333997089,COM-003,Fragrance,0.4694,Y,763414,4
456333997089,COM-009,Pulp,0.225,N,763414,4
456333997089,COM-011,Raw Materials,0.3056,N,763414,4
454865689935,COM-010,Quality Testing,0.182,Y,654943,4
454865689935,COM-014,Warehousing,0.6369,N,654943,4
454865689935,COM-007,Overhead,0.1811,N,654943,4
102719014181,COM-009,Pulp,0.2353,Y,473470,3
102719014181,COM-005,Ingredients,0.3341,N,473470,3
102719014181,COM-003,Fragrance,0.4306,N,473470,3
231447823767,COM-013,Utilities,0.6561,Y,869046,2
231447823767,COM-011,Raw Materials,0.215,N,869046,2
231447823767,COM-007,Overhead,0.1289,N,869046,2
813088357384,COM-009,Pulp,0.2885,Y,899406,2
813088357384,COM-010,Quality Testing,0.2503,N,899406,2
813088357384,COM-005,Ingredients,0.4612,N,899406,2
768753452247,COM-014,Warehousing,0.3868,Y,398595,2
768753452247,COM-013,Utilities,0.4257,N,398595,2
768753452247,COM-012,Resin,0.1875,N,398595,2
535182769080,COM-009,Pulp,0.3112,Y,442475,1
535182769080,COM-008,Packaging,0.2983,N,442475,1
535182769080,COM-010,Quality Testing,0.3905,N,442475,1
929323221273,COM-013,Utilities,0.6943,Y,474426,1
929323221273,COM-006,Labor,0.0043,N,474426,1
929323221273,COM-001,Active Chemicals,0.3014,N,474426,1
387198729540,COM-011,Raw Materials,0.7096,Y,350887,2
387198729540,COM-004,Freight,0.1813,N,350887,2
387198729540,COM-010,Quality Testing,0.1091,N,350887,2
930593096454,COM-008,Packaging,0.2595,Y,802821,1
930593096454,COM-011,Raw Materials,0.4865,N,802821,1
930593096454,COM-004,Freight,0.254,N,802821,1
870299728234,COM-006,Labor,0.5809,Y,709834,1
870299728234,COM-001,Active Chemicals,0.0842,N,709834,1
870299728234,COM-011,Raw Materials,0.3349,N,709834,1
929794493045,COM-007,Overhead,0.405,Y,368727,2
929794493045,COM-009,Pulp,0.5918,N,368727,2
929794493045,COM-011,Raw Materials,0.0032,N,368727,2
221052931855,COM-002,Co-manufacturing,0.528,Y,506272,4
221052931855,COM-004,Freight,0.2791,N,506272,4
221052931855,COM-003,Fragrance,0.1929,N,506272,4
337306961457,COM-009,Pulp,0.0442,Y,124969,3
337306961457,COM-013,Utilities,0.4129,N,124969,3
337306961457,COM-012,Resin,0.5429,N,124969,3
716242661715,COM-003,Fragrance,0.5564,Y,399203,3
716242661715,COM-011,Raw Materials,0.2992,N,399203,3
716242661715,COM-010,Quality Testing,0.1444,N,399203,3
203764207397,COM-007,Overhead,0.086,Y,485928,1
203764207397,COM-010,Quality Testing,0.2424,N,485928,1
203764207397,COM-011,Raw Materials,0.6716,N,485928,1
229728052480,COM-011,Raw Materials,0.7607,Y,880413,2
229728052480,COM-008,Packaging,0.0743,N,880413,2
229728052480,COM-010,Quality Testing,0.165,N,880413,2
868896035917,COM-012,Resin,0.2115,Y,603028,3
868896035917,COM-006,Labor,0.4098,N,603028,3
868896035917,COM-011,Raw Materials,0.3787,N,603028,3
412286650108,COM-002,Co-manufacturing,0.6701,Y,602447,1
412286650108,COM-011,Raw Materials,0.21,N,602447,1
412286650108,COM-003,Fragrance,0.1199,N,602447,1
154728732297,COM-013,Utilities,0.2608,Y,481718,4
154728732297,COM-001,Active Chemicals,0.1812,N,481718,4
154728732297,COM-010,Quality Testing,0.558,N,481718,4
736402324055,COM-012,Resin,0.5176,Y,490185,3
736402324055,COM-005,Ingredients,0.3326,N,490185,3
736402324055,COM-014,Warehousing,0.1498,N,490185,3
494813662131,COM-006,Labor,0.6638,Y,589218,4
494813662131,COM-003,Fragrance,0.0257,N,589218,4
494813662131,COM-005,Ingredients,0.3105,N,589218,4
971089196141,COM-008,Packaging,0.3461,Y,964745,5
971089196141,COM-003,Fragrance,0.3369,N,964745,5
971089196141,COM-011,Raw Materials,0.317,N,964745,5
880326884118,COM-003,Fragrance,0.3484,Y,451167,4
880326884118,COM-005,Ingredients,0.4628,N,451167,4
880326884118,COM-013,Utilities,0.1888,N,451167,4
309393910386,COM-004,Freight,0.1649,Y,100625,5
309393910386,COM-010,Quality Testing,0.5828,N,100625,5
309393910386,COM-012,Resin,0.2523,N,100625,5
117280825053,COM-012,Resin,0.4492,Y,410152,2
117280825053,COM-005,Ingredients,0.1715,N,410152,2
117280825053,COM-002,Co-manufacturing,0.3793,N,410152,2
509687255152,COM-005,Ingredients,0.2505,Y,418543,1
509687255152,COM-014,Warehousing,0.0212,N,418543,1
509687255152,COM-011,Raw Materials,0.7283,N,418543,1
857729733923,COM-009,Pulp,0.462,Y,750360,5
857729733923,COM-007,Overhead,0.1787,N,750360,5
857729733923,COM-001,Active Chemicals,0.3593,N,750360,5
921970201658,COM-003,Fragrance,0.4581,Y,353103,1
921970201658,COM-012,Resin,0.1807,N,353103,1
921970201658,COM-008,Packaging,0.3612,N,353103,1
650052594447,COM-009,Pulp,0.1703,Y,585679,5
650052594447,COM-006,Labor,0.6334,N,585679,5
650052594447,COM-014,Warehousing,0.1963,N,585679,5
222091882568,COM-006,Labor,0.7478,Y,262315,2
222091882568,COM-010,Quality Testing,0.195,N,262315,2
222091882568,COM-012,Resin,0.0572,N,262315,2
851041885399,COM-008,Packaging,0.4553,Y,986611,2
851041885399,COM-006,Labor,0.3368,N,986611,2
851041885399,COM-010,Quality Testing,0.2079,N,986611,2
501562887919,COM-011,Raw Materials,0.2113,Y,832871,5
501562887919,COM-007,Overhead,0.578,N,832871,5
501562887919,COM-012,Resin,0.2107,N,832871,5
388137514484,COM-006,Labor,0.2721,Y,475015,5
388137514484,COM-002,Co-manufacturing,0.3972,N,475015,5
388137514484,COM-004,Freight,0.3307,N,475015,5
175066921907,COM-012,Resin,0.309,Y,788141,5
175066921907,COM-011,Raw Materials,0.2481,N,788141,5
175066921907,COM-005,Ingredients,0.4429,N,788141,5
741092105305,COM-002,Co-manufacturing,0.2872,Y,109287,4
741092105305,COM-009,Pulp,0.4563,N,109287,4
741092105305,COM-010,Quality Testing,0.2565,N,109287,4
798159958648,COM-008,Packaging,0.3675,Y,667702,2
798159958648,COM-003,Fragrance,0.139,N,667702,2
798159958648,COM-006,Labor,0.4935,N,667702,2
391318937123,COM-012,Resin,0.6577,Y,162571,5
391318937123,COM-009,Pulp,0.1598,N,162571,5
391318937123,COM-003,Fragrance,0.1825,N,162571,5
799029249819,COM-008,Packaging,0.5228,Y,353063,5
799029249819,COM-013,Utilities,0.4758,N,353063,5
799029249819,COM-006,Labor,0.0014,N,353063,5
814959613916,COM-003,Fragrance,0.1522,Y,458070,3
814959613916,COM-013,Utilities,0.7241,N,458070,3
814959613916,COM-001,Active Chemicals,0.1237,N,458070,3
200231975010,COM-014,Warehousing,0.6772,Y,613462,4
200231975010,COM-007,Overhead,0.1706,N,613462,4
200231975010,COM-003,Fragrance,0.1522,N,613462,4
308589445796,COM-004,Freight,0.8168,Y,421228,2
308589445796,COM-010,Quality Testing,0.0869,N,421228,2
308589445796,COM-003,Fragrance,0.0963,N,421228,2
854570363333,COM-006,Labor,0.3034,Y,847237,5
854570363333,COM-008,Packaging,0.338,N,847237,5
854570363333,COM-013,Utilities,0.3586,N,847237,5
991839124224,COM-003,Fragrance,0.4213,Y,493214,5
991839124224,COM-008,Packaging,0.3602,N,493214,5
991839124224,COM-007,Overhead,0.2185,N,493214,5
306444244858,COM-004,Freight,0.3782,Y,367188,3
306444244858,COM-007,Overhead,0.2065,N,367188,3
306444244858,COM-011,Raw Materials,0.4153,N,367188,3
578787355507,COM-001,Active Chemicals,0.1598,Y,428353,5
578787355507,COM-014,Warehousing,0.8087,N,428353,5
578787355507,COM-007,Overhead,0.0315,N,428353,5
725606211721,COM-010,Quality Testing,0.6983,Y,110334,1
725606211721,COM-007,Overhead,0.1305,N,110334,1
725606211721,COM-001,Active Chemicals,0.1712,N,110334,1
343792442155,COM-010,Quality Testing,0.1758,Y,944848,2
343792442155,COM-009,Pulp,0.549,N,944848,2
343792442155,COM-008,Packaging,0.2752,N,944848,2
771988464049,COM-009,Pulp,0.2442,Y,281973,2
771988464049,COM-004,Freight,0.541,N,281973,2
771988464049,COM-010,Quality Testing,0.2148,N,281973,2
912394719875,COM-010,Quality Testing,0.3983,Y,991904,1
912394719875,COM-001,Active Chemicals,0.3445,N,991904,1
912394719875,COM-005,Ingredients,0.2572,N,991904,1
588931427450,COM-006,Labor,0.4646,Y,315450,1
588931427450,COM-010,Quality Testing,0.0585,N,315450,1
588931427450,COM-012,Resin,0.4769,N,315450,1
371760369583,COM-008,Packaging,0.4824,Y,404798,2
371760369583,COM-009,Pulp,0.1869,N,404798,2
371760369583,COM-013,Utilities,0.3307,N,404798,2
123111094185,COM-009,Pulp,0.2442,Y,557485,3
123111094185,COM-006,Labor,0.3473,N,557485,3
123111094185,COM-010,Quality Testing,0.4085,N,557485,3
520817294332,COM-009,Pulp,0.8165,Y,150309,4
520817294332,COM-006,Labor,0.0823,N,150309,4
520817294332,COM-007,Overhead,0.1012,N,150309,4
441061052482,COM-007,Overhead,0.6391,Y,645792,3
441061052482,COM-001,Active Chemicals,0.1829,N,645792,3
441061052482,COM-009,Pulp,0.178,N,645792,3
884272342640,COM-006,Labor,0.4461,Y,170655,2
884272342640,COM-001,Active Chemicals,0.2383,N,170655,2
884272342640,COM-014,Warehousing,0.3156,N,170655,2
995557571936,COM-014,Warehousing,0.6868,Y,625245,1
995557571936,COM-003,Fragrance,0.2267,N,625245,1
995557571936,COM-005,Ingredients,0.0865,N,625245,1
878141322628,COM-009,Pulp,0.2176,Y,848085,2
878141322628,COM-001,Active Chemicals,0.5611,N,848085,2
878141322628,COM-014,Warehousing,0.2213,N,848085,2
812801812927,COM-014,Warehousing,0.7832,Y,471128,4
812801812927,COM-009,Pulp,0.0946,N,471128,4
812801812927,COM-006,Labor,0.1222,N,471128,4
761921187773,COM-009,Pulp,0.4893,Y,501156,2
761921187773,COM-003,Fragrance,0.0698,N,501156,2
761921187773,COM-013,Utilities,0.4409,N,501156,2
376763509435,COM-006,Labor,0.7341,Y,518632,5
376763509435,COM-002,Co-manufacturing,0.1555,N,518632,5
376763509435,COM-008,Packaging,0.1104,N,518632,5
821069374260,COM-008,Packaging,0.4561,Y,181918,3
821069374260,COM-005,Ingredients,0.028,N,181918,3
821069374260,COM-010,Quality Testing,0.5159,N,181918,3
211635217585,COM-012,Resin,0.671,Y,880494,2
211635217585,COM-005,Ingredients,0.2291,N,880494,2
211635217585,COM-003,Fragrance,0.0999,N,880494,2
157414983384,COM-013,Utilities,0.379,Y,642111,3
157414983384,COM-014,Warehousing,0.0971,N,642111,3
157414983384,COM-003,Fragrance,0.5239,N,642111,3
884521373089,COM-011,Raw Materials,0.0305,Y,866980,1
884521373089,COM-014,Warehousing,0.5953,N,866980,1
884521373089,COM-007,Overhead,0.3742,N,866980,1
267001928902,COM-010,Quality Testing,0.1671,Y,673629,1
267001928902,COM-008,Packaging,0.2623,N,673629,1
267001928902,COM-004,Freight,0.5706,N,673629,1
834782874126,COM-001,Active Chemicals,0.4734,Y,951118,2
834782874126,COM-013,Utilities,0.2411,N,951118,2
834782874126,COM-005,Ingredients,0.2855,N,951118,2
994324714405,COM-003,Fragrance,0.326,Y,554949,4
994324714405,COM-007,Overhead,0.2914,N,554949,4
994324714405,COM-010,Quality Testing,0.3826,N,554949,4
607874462580,COM-003,Fragrance,0.0974,Y,203386,1
607874462580,COM-009,Pulp,0.1216,N,203386,1
607874462580,COM-002,Co-manufacturing,0.781,N,203386,1
995096630883,COM-012,Resin,0.737,Y,261528,5
995096630883,COM-003,Fragrance,0.1294,N,261528,5
995096630883,COM-004,Freight,0.1336,N,261528,5
983090685567,COM-008,Packaging,0.6837,Y,452438,3
983090685567,COM-014,Warehousing,0.1754,N,452438,3
983090685567,COM-013,Utilities,0.1409,N,452438,3
202635035220,COM-002,Co-manufacturing,0.2736,Y,947352,1
202635035220,COM-014,Warehousing,0.3716,N,947352,1
202635035220,COM-013,Utilities,0.3548,N,947352,1
462107693682,COM-008,Packaging,0.282,Y,140833,5
462107693682,COM-007,Overhead,0.6357,N,140833,5
462107693682,COM-003,Fragrance,0.0823,N,140833,5
169314827963,COM-012,Resin,0.3848,Y,735612,4
169314827963,COM-005,Ingredients,0.3753,N,735612,4
169314827963,COM-002,Co-manufacturing,0.2399,N,735612,4
662433288535,COM-005,Ingredients,0.463,Y,407917,5
662433288535,COM-004,Freight,0.2608,N,407917,5
662433288535,COM-010,Quality Testing,0.2762,N,407917,5
164765758020,COM-004,Freight,0.5652,Y,223436,1
164765758020,COM-013,Utilities,0.3955,N,223436,1
164765758020,COM-009,Pulp,0.0393,N,223436,1
623537571020,COM-012,Resin,0.2902,Y,135479,3
623537571020,COM-006,Labor,0.6138,N,135479,3
623537571020,COM-009,Pulp,0.096,N,135479,3
993924012692,COM-007,Overhead,0.4478,Y,881484,5
993924012692,COM-012,Resin,0.2762,N,881484,5
993924012692,COM-008,Packaging,0.276,N,881484,5
663671608334,COM-013,Utilities,0.52,Y,619420,3
663671608334,COM-005,Ingredients,0.4064,N,619420,3
663671608334,COM-003,Fragrance,0.0736,N,619420,3
332794585716,COM-003,Fragrance,0.4197,Y,448670,3
332794585716,COM-014,Warehousing,0.1911,N,448670,3
332794585716,COM-004,Freight,0.3892,N,448670,3
894414943048,COM-010,Quality Testing,0.463,Y,673700,5
894414943048,COM-008,Packaging,0.1477,N,673700,5
894414943048,COM-009,Pulp,0.3893,N,673700,5
752125509707,COM-011,Raw Materials,0.2283,Y,571095,3
752125509707,COM-001,Active Chemicals,0.5116,N,571095,3
752125509707,COM-004,Freight,0.2601,N,571095,3
572456068000,COM-010,Quality Testing,0.3456,Y,179802,2
572456068000,COM-007,Overhead,0.2997,N,179802,2
572456068000,COM-003,Fragrance,0.3547,N,179802,2
227902729368,COM-002,Co-manufacturing,0.0941,Y,507923,4
227902729368,COM-004,Freight,0.3281,N,507923,4
227902729368,COM-009,Pulp,0.5778,N,507923,4
420651336945,COM-013,Utilities,0.2196,Y,369581,1
420651336945,COM-001,Active Chemicals,0.4293,N,369581,1
420651336945,COM-002,Co-manufacturing,0.3511,N,369581,1
366088623740,COM-009,Pulp,0.583,Y,916489,1
366088623740,COM-001,Active Chemicals,0.3616,N,916489,1
366088623740,COM-008,Packaging,0.0554,N,916489,1
964818547519,COM-003,Fragrance,0.3284,Y,470399,5
964818547519,COM-010,Quality Testing,0.4268,N,470399,5
964818547519,COM-008,Packaging,0.2448,N,470399,5
995595542911,COM-008,Packaging,0.4576,Y,660788,2
995595542911,COM-010,Quality Testing,0.4097,N,660788,2
995595542911,COM-001,Active Chemicals,0.1327,N,660788,2
631018972825,COM-010,Quality Testing,0.6822,Y,714837,2
631018972825,COM-009,Pulp,0.0557,N,714837,2
631018972825,COM-012,Resin,0.2621,N,714837,2
594077487724,COM-014,Warehousing,0.5597,Y,103902,5
594077487724,COM-009,Pulp,0.1167,N,103902,5
594077487724,COM-008,Packaging,0.3236,N,103902,5
643199244851,COM-005,Ingredients,0.388,Y,678399,1
643199244851,COM-004,Freight,0.464,N,678399,1
643199244851,COM-007,Overhead,0.148,N,678399,1
430450697587,COM-001,Active Chemicals,0.4558,Y,243570,3
430450697587,COM-005,Ingredients,0.4584,N,243570,3
430450697587,COM-008,Packaging,0.0858,N,243570,3
125867437997,COM-007,Overhead,0.4721,Y,443674,2
125867437997,COM-010,Quality Testing,0.4459,N,443674,2
125867437997,COM-005,Ingredients,0.082,N,443674,2
189336915729,COM-001,Active Chemicals,0.282,Y,151462,1
189336915729,COM-003,Fragrance,0.0652,N,151462,1
189336915729,COM-013,Utilities,0.6528,N,151462,1
546227026563,COM-011,Raw Materials,0.2162,Y,142716,2
546227026563,COM-008,Packaging,0.3332,N,142716,2
546227026563,COM-009,Pulp,0.4506,N,142716,2
388221901897,COM-003,Fragrance,0.5394,Y,719555,4
388221901897,COM-013,Utilities,0.0363,N,719555,4
388221901897,COM-008,Packaging,0.4243,N,719555,4
851034410882,COM-010,Quality Testing,0.3633,Y,350176,4
851034410882,COM-013,Utilities,0.4822,N,350176,4
851034410882,COM-004,Freight,0.1545,N,350176,4
770921168566,COM-004,Freight,0.0592,Y,507310,4
770921168566,COM-003,Fragrance,0.298,N,507310,4
770921168566,COM-008,Packaging,0.6428,N,507310,4
228753738683,COM-004,Freight,0.4752,Y,719433,2
228753738683,COM-006,Labor,0.2481,N,719433,2
228753738683,COM-013,Utilities,0.2767,N,719433,2
536729747321,COM-012,Resin,0.3676,Y,328731,2
536729747321,COM-008,Packaging,0.3299,N,328731,2
536729747321,COM-005,Ingredients,0.3025,N,328731,2
507458398326,COM-012,Resin,0.4189,Y,531097,3
507458398326,COM-005,Ingredients,0.1134,N,531097,3
507458398326,COM-004,Freight,0.4677,N,531097,3
375088074422,COM-007,Overhead,0.0987,Y,554341,4
375088074422,COM-006,Labor,0.2837,N,554341,4
375088074422,COM-014,Warehousing,0.6176,N,554341,4
940893158015,COM-006,Labor,0.7682,Y,168466,2
940893158015,COM-009,Pulp,0.1622,N,168466,2
940893158015,COM-004,Freight,0.0696,N,168466,2
342169934180,COM-014,Warehousing,0.7743,Y,634456,1
342169934180,COM-002,Co-manufacturing,0.0088,N,634456,1
342169934180,COM-001,Active Chemicals,0.2169,N,634456,1
219764341104,COM-006,Labor,0.0582,Y,396551,5
219764341104,COM-002,Co-manufacturing,0.2349,N,396551,5
219764341104,COM-009,Pulp,0.7069,N,396551,5
859214896913,COM-010,Quality Testing,0.4798,Y,680777,1
859214896913,COM-007,Overhead,0.2366,N,680777,1
859214896913,COM-003,Fragrance,0.2836,N,680777,1
617027825994,COM-009,Pulp,0.3076,Y,305802,5
617027825994,COM-004,Freight,0.351,N,305802,5
617027825994,COM-012,Resin,0.3414,N,305802,5
353991462687,COM-009,Pulp,0.2325,Y,146008,1
353991462687,COM-013,Utilities,0.5854,N,146008,1
353991462687,COM-006,Labor,0.1821,N,146008,1
379330138181,COM-008,Packaging,0.111,Y,716038,5
379330138181,COM-005,Ingredients,0.1369,N,716038,5
379330138181,COM-004,Freight,0.7521,N,716038,5
922644683195,COM-014,Warehousing,0.4141,Y,897872,1
922644683195,COM-009,Pulp,0.3392,N,897872,1
922644683195,COM-004,Freight,0.2467,N,897872,1
735332225771,COM-013,Utilities,0.151,Y,100097,3
735332225771,COM-006,Labor,0.3297,N,100097,3
735332225771,COM-011,Raw Materials,0.5193,N,100097,3
289805533902,COM-002,Co-manufacturing,0.5688,Y,345597,5
289805533902,COM-009,Pulp,0.2394,N,345597,5
289805533902,COM-004,Freight,0.1918,N,345597,5
500308834533,COM-009,Pulp,0.2807,Y,893341,1
500308834533,COM-012,Resin,0.7045,N,893341,1
500308834533,COM-011,Raw Materials,0.0148,N,893341,1
190660422077,COM-002,Co-manufacturing,0.2968,Y,265186,3
190660422077,COM-001,Active Chemicals,0.3292,N,265186,3
190660422077,COM-003,Fragrance,0.374,N,265186,3
593722030312,COM-013,Utilities,0.431,Y,280496,3
593722030312,COM-010,Quality Testing,0.2042,N,280496,3
593722030312,COM-011,Raw Materials,0.3648,N,280496,3
739412073978,COM-003,Fragrance,0.7169,Y,935297,3
739412073978,COM-013,Utilities,0.1207,N,935297,3
739412073978,COM-010,Quality Testing,0.1624,N,935297,3
240870387084,COM-001,Active Chemicals,0.194,Y,153223,1
240870387084,COM-008,Packaging,0.6147,N,153223,1
240870387084,COM-007,Overhead,0.1913,N,153223,1
568340493547,COM-008,Packaging,0.2671,Y,991546,3
568340493547,COM-012,Resin,0.4084,N,991546,3
568340493547,COM-013,Utilities,0.3245,N,991546,3
848031409868,COM-008,Packaging,0.234,Y,988380,1
848031409868,COM-005,Ingredients,0.1793,N,988380,1
848031409868,COM-006,Labor,0.5867,N,988380,1
988856747570,COM-005,Ingredients,0.2912,Y,560302,1
988856747570,COM-012,Resin,0.4764,N,560302,1
988856747570,COM-002,Co-manufacturing,0.2324,N,560302,1
272918836791,COM-006,Labor,0.3515,Y,672286,4
272918836791,COM-014,Warehousing,0.0842,N,672286,4
272918836791,COM-007,Overhead,0.5643,N,672286,4
654224225564,COM-012,Resin,0.5963,Y,590012,4
654224225564,COM-005,Ingredients,0.2733,N,590012,4
654224225564,COM-002,Co-manufacturing,0.1304,N,590012,4
543025698815,COM-011,Raw Materials,0.3665,Y,690349,1
543025698815,COM-005,Ingredients,0.2481,N,690349,1
543025698815,COM-007,Overhead,0.3854,N,690349,1
146017517051,COM-001,Active Chemicals,0.1582,Y,592588,4
146017517051,COM-009,Pulp,0.2982,N,592588,4
146017517051,COM-003,Fragrance,0.5436,N,592588,4
164701597211,COM-007,Overhead,0.3146,Y,940951,1
164701597211,COM-002,Co-manufacturing,0.5881,N,940951,1
164701597211,COM-013,Utilities,0.0973,N,940951,1
668005195780,COM-006,Labor,0.3057,Y,496453,5
668005195780,COM-013,Utilities,0.3274,N,496453,5
668005195780,COM-012,Resin,0.3669,N,496453,5
273076817116,COM-008,Packaging,0.0762,Y,354506,5
273076817116,COM-009,Pulp,0.4814,N,354506,5
273076817116,COM-011,Raw Materials,0.4424,N,354506,5
511244376889,COM-002,Co-manufacturing,0.2842,Y,404728,2
511244376889,COM-006,Labor,0.1749,N,404728,2
511244376889,COM-007,Overhead,0.5409,N,404728,2
552293254108,COM-013,Utilities,0.6843,Y,393378,5
552293254108,COM-008,Packaging,0.2207,N,393378,5
552293254108,COM-005,Ingredients,0.095,N,393378,5
895992951444,COM-004,Freight,0.5944,Y,588303,4
895992951444,COM-014,Warehousing,0.2377,N,588303,4
895992951444,COM-010,Quality Testing,0.1679,N,588303,4
745351980869,COM-001,Active Chemicals,0.326,Y,843312,5
745351980869,COM-009,Pulp,0.5498,N,843312,5
745351980869,COM-013,Utilities,0.1242,N,843312,5
791882374912,COM-008,Packaging,0.1804,Y,307607,4
791882374912,COM-010,Quality Testing,0.196,N,307607,4
791882374912,COM-003,Fragrance,0.6236,N,307607,4
956447391832,COM-005,Ingredients,0.5135,Y,855274,4
956447391832,COM-010,Quality Testing,0.4789,N,855274,4
956447391832,COM-012,Resin,0.0076,N,855274,4
515273501725,COM-011,Raw Materials,0.2292,Y,595214,4
515273501725,COM-003,Fragrance,0.1531,N,595214,4
515273501725,COM-002,Co-manufacturing,0.6177,N,595214,4
163934384708,COM-004,Freight,0.2342,Y,426346,3
163934384708,COM-012,Resin,0.3407,N,426346,3
163934384708,COM-001,Active Chemicals,0.4251,N,426346,3
994085921929,COM-008,Packaging,0.191,Y,265337,3
994085921929,COM-007,Overhead,0.6905,N,265337,3
994085921929,COM-011,Raw Materials,0.1185,N,265337,3
502994990719,COM-012,Resin,0.2951,Y,122286,1
502994990719,COM-010,Quality Testing,0.3726,N,122286,1
502994990719,COM-013,Utilities,0.3323,N,122286,1
240644471898,COM-012,Resin,0.6095,Y,918210,4
240644471898,COM-003,Fragrance,0.1283,N,918210,4
240644471898,COM-008,Packaging,0.2622,N,918210,4
335128677389,COM-008,Packaging,0.2908,Y,284033,3
335128677389,COM-009,Pulp,0.495,N,284033,3
335128677389,COM-002,Co-manufacturing,0.2142,N,284033,3
679751521353,COM-010,Quality Testing,0.2013,Y,404507,3
679751521353,COM-004,Freight,0.5397,N,404507,3
679751521353,COM-005,Ingredients,0.259,N,404507,3
148994655826,COM-011,Raw Materials,0.6063,Y,345101,2
148994655826,COM-003,Fragrance,0.3119,N,345101,2
148994655826,COM-014,Warehousing,0.0818,N,345101,2
728292574026,COM-003,Fragrance,0.3791,Y,116539,3
728292574026,COM-002,Co-manufacturing,0.2382,N,116539,3
728292574026,COM-012,Resin,0.3827,N,116539,3
764181255930,COM-001,Active Chemicals,0.5234,Y,729471,4
764181255930,COM-010,Quality Testing,0.2296,N,729471,4
764181255930,COM-005,Ingredients,0.247,N,729471,4
719894149423,COM-004,Freight,0.4393,Y,408708,3
719894149423,COM-008,Packaging,0.3948,N,408708,3
719894149423,COM-006,Labor,0.1659,N,408708,3
716602320384,COM-002,Co-manufacturing,0.1924,Y,527629,2
716602320384,COM-009,Pulp,0.4023,N,527629,2
716602320384,COM-006,Labor,0.4053,N,527629,2
835838613829,COM-014,Warehousing,0.327,Y,731662,2
835838613829,COM-011,Raw Materials,0.3594,N,731662,2
835838613829,COM-005,Ingredients,0.3136,N,731662,2
131530814063,COM-010,Quality Testing,0.4439,Y,943668,5
131530814063,COM-001,Active Chemicals,0.4106,N,943668,5
131530814063,COM-012,Resin,0.1455,N,943668,5
339784651265,COM-003,Fragrance,0.8096,Y,689083,3
339784651265,COM-005,Ingredients,0.0734,N,689083,3
339784651265,COM-008,Packaging,0.117,N,689083,3
745278466965,COM-009,Pulp,0.3459,Y,910701,2
745278466965,COM-010,Quality Testing,0.6267,N,910701,2
745278466965,COM-004,Freight,0.0274,N,910701,2
170391448610,COM-005,Ingredients,0.1752,Y,222456,1
170391448610,COM-011,Raw Materials,0.7828,N,222456,1
170391448610,COM-010,Quality Testing,0.042,N,222456,1
422466593131,COM-014,Warehousing,0.6324,Y,735996,3
422466593131,COM-002,Co-manufacturing,0.2554,N,735996,3
422466593131,COM-001,Active Chemicals,0.1122,N,735996,3
899079950361,COM-011,Raw Materials,0.4211,Y,331222,4
899079950361,COM-013,Utilities,0.4301,N,331222,4
899079950361,COM-009,Pulp,0.1488,N,331222,4
753393498349,COM-011,Raw Materials,0.2244,Y,461287,5
753393498349,COM-006,Labor,0.1922,N,461287,5
753393498349,COM-003,Fragrance,0.5834,N,461287,5
679548174402,COM-005,Ingredients,0.3843,Y,659453,1
679548174402,COM-013,Utilities,0.5026,N,659453,1
679548174402,COM-006,Labor,0.1131,N,659453,1
607146091150,COM-008,Packaging,0.0483,Y,314871,3
607146091150,COM-004,Freight,0.1786,N,314871,3
607146091150,COM-012,Resin,0.7731,N,314871,3
643174754526,COM-002,Co-manufacturing,0.5022,Y,701290,4
643174754526,COM-001,Active Chemicals,0.3598,N,701290,4
643174754526,COM-007,Overhead,0.138,N,701290,4
739368408033,COM-012,Resin,0.1567,Y,150106,2
739368408033,COM-007,Overhead,0.2982,N,150106,2
739368408033,COM-010,Quality Testing,0.5451,N,150106,2
215242564310,COM-002,Co-manufacturing,0.7022,Y,593248,2
215242564310,COM-001,Active Chemicals,0.2197,N,593248,2
215242564310,COM-006,Labor,0.0781,N,593248,2
640642672764,COM-001,Active Chemicals,0.5484,Y,662292,1
640642672764,COM-005,Ingredients,0.2085,N,662292,1
640642672764,COM-013,Utilities,0.2431,N,662292,1
571406498440,COM-011,Raw Materials,0.5739,Y,962500,5
571406498440,COM-005,Ingredients,0.1297,N,962500,5
571406498440,COM-004,Freight,0.2964,N,962500,5
872173305287,COM-009,Pulp,0.2419,Y,671052,5
872173305287,COM-014,Warehousing,0.4775,N,671052,5
872173305287,COM-013,Utilities,0.2806,N,671052,5
956924476270,COM-006,Labor,0.1395,Y,253662,3
956924476270,COM-004,Freight,0.3182,N,253662,3
956924476270,COM-002,Co-manufacturing,0.5423,N,253662,3
533757984846,COM-013,Utilities,0.5007,Y,791593,3
533757984846,COM-008,Packaging,0.1493,N,791593,3
533757984846,COM-001,Active Chemicals,0.35,N,791593,3
536230667257,COM-007,Overhead,0.2249,Y,891636,1
536230667257,COM-010,Quality Testing,0.6523,N,891636,1
536230667257,COM-001,Active Chemicals,0.1228,N,891636,1
137788776264,COM-002,Co-manufacturing,0.2951,Y,825397,2
137788776264,COM-006,Labor,0.5141,N,825397,2
137788776264,COM-007,Overhead,0.1908,N,825397,2
409598483262,COM-013,Utilities,0.2103,Y,573813,3
409598483262,COM-002,Co-manufacturing,0.3916,N,573813,3
409598483262,COM-009,Pulp,0.3981,N,573813,3
591351359655,COM-003,Fragrance,0.5487,Y,600801,3
591351359655,COM-008,Packaging,0.236,N,600801,3
591351359655,COM-013,Utilities,0.2153,N,600801,3
265536529800,COM-005,Ingredients,0.5224,Y,702504,4
265536529800,COM-001,Active Chemicals,0.0658,N,702504,4
265536529800,COM-003,Fragrance,0.4118,N,702504,4
450177877749,COM-002,Co-manufacturing,0.2877,Y,649859,4
450177877749,COM-005,Ingredients,0.1467,N,649859,4
450177877749,COM-012,Resin,0.5656,N,649859,4
141099373057,COM-001,Active Chemicals,0.6838,Y,805703,5
141099373057,COM-012,Resin,0.1419,N,805703,5
141099373057,COM-009,Pulp,0.1743,N,805703,5
303126887165,COM-014,Warehousing,0.2495,Y,358604,3
303126887165,COM-004,Freight,0.1669,N,358604,3
303126887165,COM-001,Active Chemicals,0.5836,N,358604,3
187019165906,COM-006,Labor,0.565,Y,813586,1
187019165906,COM-003,Fragrance,0.1288,N,813586,1
187019165906,COM-014,Warehousing,0.3062,N,813586,1
767995150787,COM-001,Active Chemicals,0.1418,Y,819781,4
767995150787,COM-013,Utilities,0.6104,N,819781,4
767995150787,COM-012,Resin,0.2478,N,819781,4
525013896034,COM-014,Warehousing,0.3848,Y,440133,3
525013896034,COM-007,Overhead,0.1268,N,440133,3
525013896034,COM-004,Freight,0.4884,N,440133,3
632206063817,COM-004,Freight,0.1193,Y,607771,2
632206063817,COM-012,Resin,0.6082,N,607771,2
632206063817,COM-007,Overhead,0.2725,N,607771,2
